GetTogether,0.0,0.0,0.0,0.0,0.0,0.4375,0.0,0.4375,0.0,0.0,0.125,0.0
I'dLoveToChangeTheWorld,0.0,0.0,0.0,0.0,0.0,0.0,0.0,0.5,0.5,0.0,0.0,0.0
DreamPolice,0.20512820512820512,0.05128205128205128,0.0,0.0,0.02564102564102564,0.3333333333333333,0.0,0.358974358974359,0.02564102564102564,0.0,0.0,0.0
Iwanttotakeyouhigher,1.0,0.0,0.0,0.0,0.0,0.0,0.0,0.0,0.0,0.0,0.0,0.0
TheSpiritofRadio,0.14814814814814814,0.0,0.0,0.0,0.0,0.48148148148148145,0.0,0.2777777777777778,0.0,0.0,0.07407407407407407,0.0
Sukiyaki,0.20833333333333334,0.0,0.0,0.0,0.041666666666666664,0.16666666666666666,0.0,0.375,0.0,0.20833333333333334,0.0,0.0
AllThroughTheNight,0.15384615384615385,0.0,0.3076923076923077,0.0,0.07692307692307693,0.0,0.0,0.46153846153846156,0.0,0.0,0.0,0.0
PaperRoses,0.47058823529411764,0.0,0.0,0.0,0.0,0.11764705882352941,0.0,0.17647058823529413,0.058823529411764705,0.17647058823529413,0.0,0.0
JourneyToTheCenterOfTheMind,0.0,0.09375,0.125,0.46875,0.0,0.0,0.0,0.3125,0.0,0.0,0.0,0.0
Chiquitita,0.6666666666666666,0.0,0.0,0.0,0.18181818181818182,0.030303030303030304,0.0,0.09090909090909091,0.0,0.0,0.0,0.0
ThroughTheYears,0.0,0.0,0.32142857142857145,0.0,0.07142857142857142,0.0,0.0,0.6071428571428571,0.0,0.0,0.0,0.0
Reminiscing,0.7142857142857143,0.0,0.0,0.0,0.0,0.0,0.0,0.0,0.0,0.2857142857142857,0.0,0.0
WhatYouSeeIsWhatYouGet,0.0,0.0,0.0,0.0,0.0,0.5,0.0,0.5,0.0,0.0,0.0,0.0
CrackerboxPalace,0.0,0.0,0.1111111111111111,0.0,0.16666666666666666,0.5,0.0,0.2222222222222222,0.0,0.0,0.0,0.0
TillTheEndOfTheDay,0.11538461538461539,0.0,0.0,0.11538461538461539,0.0,0.0,0.0,0.11538461538461539,0.11538461538461539,0.0,0.5,0.0
Lucky,0.08333333333333333,0.0,0.0,0.4583333333333333,0.0,0.0,0.0,0.0,0.0,0.0,0.4583333333333333,0.0
Here'sSomeLove,0.3684210526315789,0.0,0.0,0.0,0.0,0.21052631578947367,0.0,0.42105263157894735,0.0,0.0,0.0,0.0
InTheMidnightHour,0.4090909090909091,0.0,0.0,0.045454545454545456,0.0,0.45454545454545453,0.0,0.09090909090909091,0.0,0.0,0.0,0.0
"WonderfulWorld,BeautifulPeople",0.36,0.0,0.0,0.0,0.0,0.24,0.0,0.4,0.0,0.0,0.0,0.0
JohnnyReb,0.4375,0.0,0.0,0.0,0.0,0.0625,0.0,0.5,0.0,0.0,0.0,0.0
PlayThatFunkyMusic,0.7619047619047619,0.0,0.0,0.14285714285714285,0.0,0.0,0.0,0.09523809523809523,0.0,0.0,0.0,0.0
DyerMaker,0.53125,0.0,0.0,0.0,0.0,0.0,0.0,0.34375,0.0,0.125,0.0,0.0
IfNotYou,0.2222222222222222,0.0,0.0,0.0,0.0,0.0,0.0,0.5555555555555556,0.0,0.2222222222222222,0.0,0.0
TheNightChicagoDied,0.5652173913043478,0.0,0.30434782608695654,0.0,0.0,0.0,0.0,0.0,0.0,0.0,0.0,0.0
SheBop,0.6666666666666666,0.0,0.0,0.0,0.0,0.0,0.0,0.0,0.2,0.0,0.13333333333333333,0.0
EyeInTheSky,0.24,0.0,0.0,0.12,0.0,0.12,0.0,0.24,0.28,0.0,0.0,0.0
"You'reTheFirst,TheLast,MyEverything",0.2,0.0,0.0,0.0,0.0,0.24,0.0,0.12,0.0,0.44,0.0,0.0
FleshForFantasy,0.43902439024390244,0.0,0.0,0.04878048780487805,0.0,0.12195121951219512,0.0,0.0,0.0,0.0,0.36585365853658536,0.0
IfICanDream,0.23076923076923078,0.0,0.0,0.0,0.0,0.3076923076923077,0.0,0.38461538461538464,0.0,0.07692307692307693,0.0,0.0
YouMakeMeFeelLikeDancing,0.041666666666666664,0.0,0.4166666666666667,0.0,0.0,0.125,0.0,0.4166666666666667,0.0,0.0,0.0,0.0
KozmicBlues,0.6923076923076923,0.0,0.0,0.0,0.0,0.11538461538461539,0.0,0.07692307692307693,0.0,0.0,0.11538461538461539,0.0
IslandOfLostSouls,0.6071428571428571,0.0,0.0,0.0,0.0,0.0,0.0,0.39285714285714285,0.0,0.0,0.0,0.0
HandyMan,0.23529411764705882,0.0,0.0,0.0,0.0,0.0,0.0,0.29411764705882354,0.0,0.47058823529411764,0.0,0.0
Getaway,0.5121951219512195,0.0,0.0,0.0,0.0,0.24390243902439024,0.0,0.24390243902439024,0.0,0.0,0.0,0.0
HappyJack,0.6521739130434783,0.0,0.0,0.0,0.0,0.0,0.0,0.34782608695652173,0.0,0.0,0.0,0.0
UndercoverAngel,0.2727272727272727,0.0,0.13636363636363635,0.045454545454545456,0.0,0.13636363636363635,0.0,0.3181818181818182,0.0,0.09090909090909091,0.0,0.0
YoungHeartsRunFree,0.3888888888888889,0.0,0.05555555555555555,0.0,0.0,0.3055555555555556,0.0,0.05555555555555555,0.0,0.19444444444444445,0.0,0.0
IDon'tmind,0.0,0.0,0.0,0.8095238095238095,0.0,0.19047619047619047,0.0,0.0,0.0,0.0,0.0,0.0
SaraSmile,0.08333333333333333,0.08333333333333333,0.0,0.0,0.0,0.25,0.0,0.3333333333333333,0.0,0.0,0.25,0.0
JustCan'tWait,0.28125,0.0,0.0,0.0,0.0,0.015625,0.0,0.578125,0.015625,0.109375,0.0,0.0
Wheels,0.2857142857142857,0.0,0.35714285714285715,0.0,0.0,0.0,0.0,0.14285714285714285,0.0,0.21428571428571427,0.0,0.0
Lady(YouBringMeUp),0.05357142857142857,0.0,0.0,0.08928571428571429,0.0,0.42857142857142855,0.0,0.42857142857142855,0.0,0.0,0.0,0.0
TheLongRun,0.0,0.0,0.0,0.0,0.0,0.8571428571428571,0.0,0.14285714285714285,0.0,0.0,0.0,0.0
I'veGotLoveOnMyMind,0.0,0.0,0.0,0.0,0.0,0.23076923076923078,0.0,0.6538461538461539,0.11538461538461539,0.0,0.0,0.0
LetTheMusicPlay,0,0,0,0,0,0,0,0,0,0,0,0
BlueJean,0.08333333333333333,0.0,0.0,0.0,0.0,0.0,0.0,0.9166666666666666,0.0,0.0,0.0,0.0
"Baby,BabyDon'tCry",0.0,0.0,0.2857142857142857,0.0,0.09523809523809523,0.38095238095238093,0.0,0.14285714285714285,0.0,0.09523809523809523,0.0,0.0
Rock'n'RollFantasy,0.3333333333333333,0.0,0.0,0.0,0.0,0.4166666666666667,0.0,0.0,0.125,0.0,0.125,0.0
AllThisTime,0.0,0.0,0.0,0.0,0.0,1.0,0.0,0.0,0.0,0.0,0.0,0.0
InvisibleTouch,0.10909090909090909,0.0,0.0,0.0,0.0,0.18181818181818182,0.0,0.4727272727272727,0.0,0.2,0.03636363636363636,0.0
IsThatAllThereIs,0.18181818181818182,0.0,0.06060606060606061,0.18181818181818182,0.0,0.09090909090909091,0.0,0.12121212121212122,0.0,0.0,0.36363636363636365,0.0
InTheNavy,0.14814814814814814,0.0,0.0,0.14814814814814814,0.0,0.0,0.0,0.6666666666666666,0.0,0.0,0.0,0.0
WakeMeUpBeforeYouGo-Go,0.8285714285714286,0.0,0.0,0.0,0.08571428571428572,0.0,0.0,0.02857142857142857,0.0,0.0,0.0,0.0
HungryEyes,0.0,0.0,0.0,0.0,0.022222222222222223,0.4444444444444444,0.0,0.4888888888888889,0.0,0.044444444444444446,0.0,0.0
LittleSister,1.0,0.0,0.0,0.0,0.0,0.0,0.0,0.0,0.0,0.0,0.0,0.0
LastKiss,0.0,0.0,0.0,0.0,0.0,0.0,0.0,1.0,0.0,0.0,0.0,0.0
CrySoftlyLonelyOne,0.0,0.0,0.0,0.0,0.0,0.0,0.0,0.0,0.0,0.0,0.0,0.0
WouldItMakeAnyDifferenceToYou,0.3333333333333333,0.0,0.08333333333333333,0.0,0.08333333333333333,0.3333333333333333,0.0,0.16666666666666666,0.0,0.0,0.0,0.0
Let'sworkTogether,1.0,0.0,0.0,0.0,0.0,0.0,0.0,0.0,0.0,0.0,0.0,0.0
Lyin'Eyes,0.20754716981132076,0.0,0.05660377358490566,0.0,0.0,0.41509433962264153,0.0,0.32075471698113206,0.0,0.0,0.0,0.0
TheBitchIsBack,0.3877551020408163,0.0,0.0,0.0,0.0,0.32653061224489793,0.0,0.14285714285714285,0.0,0.0,0.14285714285714285,0.0
That'sOldFashioned(That'sTheWayLoveShouldBe),0.35714285714285715,0.0,0.07142857142857142,0.0,0.0,0.0,0.0,0.25,0.0,0.21428571428571427,0.10714285714285714,0.0
OnTheWingsOfANightingale,0.125,0.0,0.0,0.0,0.0,0.375,0.0,0.375,0.0,0.125,0.0,0.0
MyHometown,0.10344827586206896,0.0,0.0,0.0,0.0,0.41379310344827586,0.0,0.4827586206896552,0.0,0.0,0.0,0.0
Comin'HomeBaby,1.0,0.0,0.0,0.0,0.0,0.0,0.0,0.0,0.0,0.0,0.0,0.0
WhereDoYouWannaGo,0.5,0.0,0.0,0.0,0.0,0.4444444444444444,0.0,0.05555555555555555,0.0,0.0,0.0,0.0
Easy,0.07894736842105263,0.02631578947368421,0.05263157894736842,0.02631578947368421,0.0,0.5789473684210527,0.10526315789473684,0.0,0.0,0.05263157894736842,0.07894736842105263,0.0
ScarletFever,0,0,0,0,0,0,0,0,0,0,0,0
DiscoInferno,0.625,0.0,0.0,0.0,0.0,0.1875,0.0,0.1875,0.0,0.0,0.0,0.0
ThoseLazy-Hazy-CrazyDaysOfSummer,0.125,0.0,0.3125,0.21875,0.0625,0.0,0.0,0.1875,0.03125,0.0625,0.0,0.0
AreYouSureHankDoneItThisWay,0.0,0.0,0.0,0.0,0.0,1.0,0.0,0.0,0.0,0.0,0.0,0.0
WeDon'tTalkAnymore,0.15,0.0,0.275,0.0,0.075,0.35,0.0,0.0,0.0,0.075,0.0,0.075
50WaysToLeaveYourLover,0.2,0.0,0.0,0.3,0.0,0.0,0.0,0.4,0.0,0.0,0.0,0.0
It'sGonnaWorkOutFine,0.4444444444444444,0.0,0.0,0.0,0.0,0.14814814814814814,0.1111111111111111,0.2962962962962963,0.0,0.0,0.0,0.0
Smokin'InTheBoysRoom,0.42857142857142855,0.0,0.0,0.0,0.0,0.19047619047619047,0.0,0.09523809523809523,0.2857142857142857,0.0,0.0,0.0
Lucille,0.4864864864864865,0.0,0.0,0.0,0.0,0.24324324324324326,0.0,0.24324324324324326,0.0,0.0,0.0,0.0
ChainOfFools,1.0,0.0,0.0,0.0,0.0,0.0,0.0,0.0,0.0,0.0,0.0,0.0
TheBattleOfNewOrleans,0.6923076923076923,0.0,0.0,0.0,0.0,0.0,0.0,0.3076923076923077,0.0,0.0,0.0,0.0
WeDontNeedAnotherHero(Thunderdome),0.13157894736842105,0.0,0.21052631578947367,0.0,0.0,0.07894736842105263,0.0,0.5789473684210527,0.0,0.0,0.0,0.0
ThatGirl,0.24193548387096775,0.1774193548387097,0.0,0.0,0.06451612903225806,0.16129032258064516,0.06451612903225806,0.016129032258064516,0.0967741935483871,0.0,0.1774193548387097,0.0
IDon'tWantToSpoilTheParty,0.3793103448275862,0.0,0.0,0.0,0.0,0.0,0.0,0.6206896551724138,0.0,0.0,0.0,0.0
JustWhenINeededYouMost,0.4444444444444444,0.0,0.0,0.0,0.0,0.25925925925925924,0.0,0.2962962962962963,0.0,0.0,0.0,0.0
AbsolutelyRight,0.05,0.0,0.0,0.2,0.0,0.55,0.0,0.2,0.0,0.0,0.0,0.0
ICanHelp,0.8636363636363636,0.0,0.0,0.0,0.0,0.0,0.0,0.13636363636363635,0.0,0.0,0.0,0.0
WhereAreYou,0.4666666666666667,0.06666666666666667,0.13333333333333333,0.06666666666666667,0.06666666666666667,0.0,0.0,0.13333333333333333,0.06666666666666667,0.0,0.0,0.0
ThePeopleInMe,0.09090909090909091,0.0,0.0,0.0,0.0,0.0,0.0,0.8181818181818182,0.0,0.0,0.0,0.09090909090909091
BackintheHighLifeAgain,0.5,0.05263157894736842,0.0,0.0,0.0,0.07894736842105263,0.0,0.2631578947368421,0.05263157894736842,0.0,0.05263157894736842,0.0
HardDaysNight,0.7894736842105263,0.0,0.0,0.0,0.10526315789473684,0.0,0.0,0.10526315789473684,0.0,0.0,0.0,0.0
NowhereToRun,0.024390243902439025,0.0,0.0,0.0,0.0,0.43902439024390244,0.0,0.07317073170731707,0.0,0.0,0.4634146341463415,0.0
IWalkAlone,0.46153846153846156,0.0,0.0,0.0,0.0,0.3076923076923077,0.0,0.23076923076923078,0.0,0.0,0.0,0.0
(Sittin'On)TheDockOfTheBay,0.0625,0.0,0.375,0.0,0.0,0.0625,0.0,0.0625,0.0,0.4375,0.0,0.0
ItTakesTwo,0.7407407407407407,0.0,0.0,0.0,0.0,0.0,0.0,0.25925925925925924,0.0,0.0,0.0,0.0
WorldInMyEyes,0.5357142857142857,0.0,0.0,0.0,0.0,0.39285714285714285,0.0,0.07142857142857142,0.0,0.0,0.0,0.0
ForeverMan,1.0,0.0,0.0,0.0,0.0,0.0,0.0,0.0,0.0,0.0,0.0,0.0
Someone,0.18181818181818182,0.0,0.22727272727272727,0.0,0.0,0.13636363636363635,0.0,0.36363636363636365,0.0,0.0,0.09090909090909091,0.0
ICriedATear,0.9130434782608695,0.0,0.0,0.0,0.0,0.0,0.0,0.08695652173913043,0.0,0.0,0.0,0.0
Amor,0.4,0.0,0.0,0.0,0.1,0.0,0.0,0.4,0.0,0.0,0.0,0.1
AllAloneAmI,0.18181818181818182,0.0,0.0,0.0,0.09090909090909091,0.0,0.0,0.45454545454545453,0.0,0.2727272727272727,0.0,0.0
Amanda,0.0,0.0,0.0,0.0,0.0,0.0,0.0,0.8333333333333334,0.0,0.0,0.0,0.0
TheTwist,1.0,0.0,0.0,0.0,0.0,0.0,0.0,0.0,0.0,0.0,0.0,0.0
RockThisTown,0.5897435897435898,0.0,0.1794871794871795,0.0,0.0,0.02564102564102564,0.0,0.20512820512820512,0.0,0.0,0.0,0.0
OneWayorAnother,0.24242424242424243,0.0,0.0,0.0,0.21212121212121213,0.0,0.0,0.0,0.0,0.48484848484848486,0.0,0.06060606060606061
WichitaLineman,0.0,0.0,0.0,0.0,0.0,0.3333333333333333,0.0,0.4166666666666667,0.0,0.25,0.0,0.0
MotownPhilly,0.14705882352941177,0.0,0.0,0.0,0.0,0.0,0.0,0.7058823529411765,0.0,0.0,0.058823529411764705,0.0
MakeMeSmile,0.0,0.0,0.0,0.0,0.32,0.36,0.0,0.16,0.12,0.0,0.0,0.0
TheThrillIsGone,1.0,0.0,0.0,0.0,0.0,0.0,0.0,0.0,0.0,0.0,0.0,0.0
AlongComesAWoman,0.1875,0.0,0.0,0.0,0.0,0.0625,0.0,0.59375,0.0,0.15625,0.0,0.0
Hair,0.5,0.0,0.0,0.0,0.0,0.0,0.0,0.0,0.0,0.0,0.5,0.0
LoveIsABattlefield,0.043478260869565216,0.0,0.0,0.0,0.0,0.17391304347826086,0.0,0.0,0.5652173913043478,0.0,0.21739130434782608,0.0
MeMyselfAndI,0.32432432432432434,0.0,0.0,0.0,0.0,0.0,0.0,0.32432432432432434,0.0,0.0,0.0,0.0
SwingTalkin'Guy,0.25,0.0,0.0,0.0,0.0,0.25,0.0,0.5,0.0,0.0,0.0,0.0
OneLastKiss,0.08333333333333333,0.0,0.0,0.0,0.0,0.25,0.0,0.0,0.4166666666666667,0.0,0.25,0.0
SaturdayNight,0.3888888888888889,0.0,0.0,0.0,0.0,0.0,0.0,0.4444444444444444,0.0,0.0,0.0,0.0
TryingToLiveMyLifeWithoutYou,0.0,0.0,0.0,0.0,0.0,0.696969696969697,0.0,0.18181818181818182,0.0,0.12121212121212122,0.0,0.0
TenPercent,0.4583333333333333,0.0,0.0,0.0,0.08333333333333333,0.0,0.0,0.4166666666666667,0.0,0.0,0.0,0.0
BrassMonkey,0.3157894736842105,0.0,0.0,0.0,0.0,0.0,0.0,0.0,0.0,0.0,0.0,0.0
MaybeTomorrow,0.125,0.0,0.0,0.0,0.0,0.0,0.0,0.875,0.0,0.0,0.0,0.0
"Liar,Liar",0.0,0.0,0.0,0.0,0.0,0.5,0.0,0.5,0.0,0.0,0.0,0.0
HaveYouEverLovedSomebody,0.03125,0.0625,0.0,0.15625,0.0,0.0,0.0,0.0,0.0625,0.0,0.6875,0.0
Maneater,0.15384615384615385,0.0,0.0,0.0,0.0,0.0,0.0,0.17307692307692307,0.0,0.0,0.6730769230769231,0.0
MercyMercyMe(TheEcology),0.0,0.0,0.0,0.0,0.0,0.0,0.0,0.46153846153846156,0.07692307692307693,0.38461538461538464,0.07692307692307693,0.0
ThisHouse,0.17647058823529413,0.0,0.0,0.0,0.0,0.0,0.0,0.0,0.7794117647058824,0.0,0.0,0.0
ShakeYourGrooveThing,0.0,0.0,0.8,0.0,0.0,0.0,0.0,0.2,0.0,0.0,0.0,0.0
WomanToWoman,0.0,0.0,0.0,0.0,0.0,0.2631578947368421,0.0,0.2631578947368421,0.0,0.47368421052631576,0.0,0.0
Daddy'sHome,0.3333333333333333,0.0,0.3333333333333333,0.0,0.0,0.0,0.0,0.3333333333333333,0.0,0.0,0.0,0.0
SleepWalk,0.125,0.0,0.0,0.0,0.0,0.125,0.0,0.75,0.0,0.0,0.0,0.0
TheseBootsAreMadeForWalkin',0,0,0,0,0,0,0,0,0,0,0,0
Perfidia,0.12,0.0,0.24,0.0,0.08,0.0,0.0,0.48,0.0,0.04,0.0,0.0
TornBetweenTwoLovers,0.5,0.0,0.0,0.0,0.0,0.0,0.0,0.0,0.0,0.5,0.0,0.0
BabyDontForgetMyNumber,0.09302325581395349,0.23255813953488372,0.0,0.11627906976744186,0.023255813953488372,0.13953488372093023,0.09302325581395349,0.0,0.06976744186046512,0.0,0.16279069767441862,0.0
SoulAndInspiration,0.5625,0.0,0.0,0.0,0.0,0.0,0.0,0.4375,0.0,0.0,0.0,0.0
AnotherRainyDayinNewYorkCity,0.045454545454545456,0.0,0.0,0.18181818181818182,0.0,0.0,0.0,0.7727272727272727,0.0,0.0,0.0,0.0
SugarShack,0.5217391304347826,0.0,0.0,0.0,0.0,0.4782608695652174,0.0,0.0,0.0,0.0,0.0,0.0
Kicks,0.6666666666666666,0.0,0.0,0.0,0.0,0.0,0.0,0.18181818181818182,0.12121212121212122,0.030303030303030304,0.0,0.0
ShocktheMonkey,0.7222222222222222,0.0,0.0,0.0,0.0,0.0,0.0,0.0,0.05555555555555555,0.0,0.2222222222222222,0.0
JustAFriend,0.0,0.0,0.5116279069767442,0.0,0.0,0.0,0.0,0.4883720930232558,0.0,0.0,0.0,0.0
MissYou,0.0,0.0,0.0,0.0,0.0,0.96875,0.0,0.03125,0.0,0.0,0.0,0.0
You'vegotaFriend,0.10526315789473684,0.0,0.0,0.0,0.15789473684210525,0.21052631578947367,0.0,0.15789473684210525,0.0,0.21052631578947367,0.10526315789473684,0.05263157894736842
Lovin'You,0.3448275862068966,0.0,0.4482758620689655,0.0,0.06896551724137931,0.06896551724137931,0.0,0.06896551724137931,0.0,0.0,0.0,0.0
StonedLove,0.8,0.0,0.1,0.0,0.0,0.0,0.0,0.0,0.0,0.0,0.0,0.0
DoYouLoveMe,0.0,0.0,0.0,0.0,0.0,0.35294117647058826,0.0,0.6176470588235294,0.0,0.029411764705882353,0.0,0.0
WaitingOnAFriend,0.2765957446808511,0.0,0.3617021276595745,0.0,0.0,0.3617021276595745,0.0,0.0,0.0,0.0,0.0,0.0
YvonneElliman,0.0,0.0,0.25,0.0,0.0,0.08333333333333333,0.0,0.08333333333333333,0.0,0.5833333333333334,0.0,0.0
KarmaChameleon,0.14893617021276595,0.0,0.0,0.0,0.0425531914893617,0.0,0.0,0.5319148936170213,0.0,0.2765957446808511,0.0,0.0
MaggieMay,0.75,0.0,0.05357142857142857,0.0,0.0,0.05357142857142857,0.0,0.14285714285714285,0.0,0.0,0.0,0.0
SundayMorningSunshine,0.23333333333333334,0.0,0.26666666666666666,0.0,0.0,0.0,0.0,0.4,0.0,0.06666666666666667,0.0,0.0
Don'tAskMeWhy,0.47368421052631576,0.0,0.05263157894736842,0.0,0.10526315789473684,0.3157894736842105,0.0,0.05263157894736842,0.0,0.0,0.0,0.0
IDon'tLoveYouAnymore,0.28169014084507044,0.0,0.5915492957746479,0.0,0.028169014084507043,0.056338028169014086,0.0,0.028169014084507043,0.0,0.0,0.0,0.0
GetReady,0.288135593220339,0.0,0.0,0.2711864406779661,0.0,0.3050847457627119,0.0,0.01694915254237288,0.01694915254237288,0.0,0.1016949152542373,0.0
"Abraham,MartinAndJohn",0.39285714285714285,0.0,0.03571428571428571,0.0,0.17857142857142858,0.14285714285714285,0.0,0.21428571428571427,0.0,0.0,0.03571428571428571,0.0
IJustCan'tStopLovingYou,0.2727272727272727,0.0,0.0,0.0,0.0,0.045454545454545456,0.0,0.5454545454545454,0.0,0.13636363636363635,0.0,0.0
TheBestDiscoInTown,0.0,0.034482758620689655,0.06896551724137931,0.034482758620689655,0.06896551724137931,0.3103448275862069,0.034482758620689655,0.3103448275862069,0.0,0.06896551724137931,0.0,0.034482758620689655
CarryMe,0.21212121212121213,0.0,0.0,0.0,0.0,0.2727272727272727,0.0,0.06060606060606061,0.0,0.45454545454545453,0.0,0.0
ThinkOfMe,0.8888888888888888,0.0,0.0,0.0,0.0,0.0,0.0,0.1111111111111111,0.0,0.0,0.0,0.0
TrueColors,0.16666666666666666,0.0,0.0,0.0,0.0,0.3333333333333333,0.0,0.16666666666666666,0.0,0.3333333333333333,0.0,0.0
SixDaysOnTheRoad,0.5833333333333334,0.0,0.0,0.0,0.0,0.20833333333333334,0.0,0.20833333333333334,0.0,0.0,0.0,0.0
SoulDanceNumber3,1.0,0.0,0.0,0.0,0.0,0.0,0.0,0.0,0.0,0.0,0.0,0.0
I'mInLove,0.5,0.0,0.0,0.0,0.0,0.0,0.0,0.4696969696969697,0.0,0.0,0.030303030303030304,0.0
IHadTooMuchToDream,0.09375,0.0,0.0,0.0,0.0,0.15625,0.0,0.09375,0.21875,0.0,0.3125,0.0625
AfterTheLoveHasGone,0,0,0,0,0,0,0,0,0,0,0,0
AllIEverNeedIsYou,0.375,0.0,0.0,0.0,0.0625,0.0,0.0,0.5625,0.0,0.0,0.0,0.0
ImGoinDown,0.0,0.0,0.0,0.0,0.0,1.0,0.0,0.0,0.0,0.0,0.0,0.0
LongDarkRoad,0.125,0.0,0.0,0.0,0.0,0.375,0.0,0.5,0.0,0.0,0.0,0.0
Annie'sSong,0.2,0.0,0.0,0.0,0.0,0.3142857142857143,0.0,0.45714285714285713,0.0,0.02857142857142857,0.0,0.0
CountryRoad,0.2903225806451613,0.0,0.0,0.0,0.0,0.4838709677419355,0.0,0.0,0.0,0.0,0.22580645161290322,0.0
LoveComesQuickly,0.975609756097561,0.0,0.0,0.0,0.0,0.0,0.0,0.024390243902439025,0.0,0.0,0.0,0.0
DanceHallDays,0.11538461538461539,0.0,0.0,0.0,0.0,0.0,0.0,0.7692307692307693,0.0,0.11538461538461539,0.0,0.0
SomethingAboutYou,0.5531914893617021,0.0,0.2765957446808511,0.0,0.0,0.0,0.0,0.1702127659574468,0.0,0.0,0.0,0.0
"TarzanBoy(From""TeenageMutantNinjaTurtlesIII"")",0.52,0.0,0.0,0.0,0.0,0.16,0.0,0.0,0.0,0.32,0.0,0.0
OhMeOhMy(I'mAFoolForYouBaby),0.4166666666666667,0.0,0.125,0.0,0.125,0.0,0.0,0.25,0.0,0.08333333333333333,0.0,0.0
Simon&Garfunkel,0.0,0.0,0.23529411764705882,0.0,0.0,0.0,0.0,0.23529411764705882,0.0,0.5294117647058824,0.0,0.0
HeartinHand,0.0,0.0,0.0,0.0,0.0,0.2857142857142857,0.0,0.42857142857142855,0.0,0.14285714285714285,0.0,0.0
EvilWays,0,0,0,0,0,0,0,0,0,0,0,0
LonelyWeekends,0.35135135135135137,0.0,0.0,0.0,0.0,0.43243243243243246,0.0,0.05405405405405406,0.0,0.0,0.16216216216216217,0.0
Feelin'StrongerEveryDay,0.4,0.0,0.0,0.0,0.0,0.2,0.1,0.0,0.1,0.0,0.2,0.0
WorriedGuy,0.14285714285714285,0.0,0.17857142857142858,0.0,0.0,0.03571428571428571,0.0,0.39285714285714285,0.07142857142857142,0.17857142857142858,0.0,0.0
SilentNight,1.0,0.0,0.0,0.0,0.0,0.0,0.0,0.0,0.0,0.0,0.0,0.0
It'sYourThing,1.0,0.0,0.0,0.0,0.0,0.0,0.0,0.0,0.0,0.0,0.0,0.0
ALessoninLeavin,0.25,0.0,0.0,0.0,0.0,0.0,0.0,0.625,0.0,0.0,0.0,0.0
TimeWillReveal,0,0,0,0,0,0,0,0,0,0,0,0
RockAndRollNeverForgets,0.7941176470588235,0.0,0.0,0.0,0.0,0.0,0.0,0.08823529411764706,0.0,0.0,0.0,0.0
OnlySixteen,0.9166666666666666,0.0,0.0,0.0,0.0,0.0,0.0,0.08333333333333333,0.0,0.0,0.0,0.0
Mr.Bojangles,0.3076923076923077,0.0,0.09615384615384616,0.0,0.09615384615384616,0.0,0.0,0.5,0.0,0.0,0.0,0.0
LoversWhoWander,0.10526315789473684,0.0,0.0,0.0,0.0,0.0,0.0,0.05263157894736842,0.0,0.42105263157894735,0.0,0.0
IGotStripes,0.4782608695652174,0.0,0.0,0.0,0.0,0.0,0.0,0.5217391304347826,0.0,0.0,0.0,0.0
BabyWorkout,1.0,0.0,0.0,0.0,0.0,0.0,0.0,0.0,0.0,0.0,0.0,0.0
Still,0.1891891891891892,0.0,0.05405405405405406,0.0,0.0,0.13513513513513514,0.0,0.4864864864864865,0.0,0.0,0.13513513513513514,0.0
LoveMeWarmAndTender,0.25,0.0,0.0,0.25,0.0,0.0,0.0,0.0,0.5,0.0,0.0,0.0
IDroveAllNight,0.17647058823529413,0.0,0.0,0.0,0.0,0.29411764705882354,0.0,0.4117647058823529,0.0,0.11764705882352941,0.0,0.0
One,0.3333333333333333,0.19047619047619047,0.047619047619047616,0.13095238095238096,0.011904761904761904,0.011904761904761904,0.0,0.09523809523809523,0.05952380952380952,0.0,0.11904761904761904,0.0
FunnyGirl,0.0,0.0,0.25,0.0,0.0,0.16666666666666666,0.16666666666666666,0.25,0.08333333333333333,0.08333333333333333,0.0,0.0
SouthernCross,0.34375,0.0,0.0,0.0,0.0,0.40625,0.0,0.25,0.0,0.0,0.0,0.0
IDontWantYourLove,0.48,0.0,0.0,0.0,0.0,0.52,0.0,0.0,0.0,0.0,0.0,0.0
YouCan'tJudgeABookByTheCover,1.0,0.0,0.0,0.0,0.0,0.0,0.0,0.0,0.0,0.0,0.0,0.0
You'veGotAnotherThingComin',0.4875,0.0,0.0,0.2375,0.0,0.225,0.0,0.05,0.0,0.0,0.0,0.0
ThereGoesMyEverything,0.5555555555555556,0.0,0.14814814814814814,0.0,0.14814814814814814,0.14814814814814814,0.0,0.0,0.0,0.0,0.0,0.0
IfICouldTurnBackTime,0.037037037037037035,0.0,0.0,0.0,0.0,0.5555555555555556,0.0,0.4074074074074074,0.0,0.0,0.0,0.0
RockyMountainHigh,0.06779661016949153,0.0,0.2711864406779661,0.0,0.0,0.3389830508474576,0.0,0.3220338983050847,0.0,0.0,0.0,0.0
HoldOn,0.0967741935483871,0.0,0.12903225806451613,0.0,0.0,0.25806451612903225,0.0,0.41935483870967744,0.0,0.0,0.0,0.0
WillieAndTheHandJive,1.0,0.0,0.0,0.0,0.0,0.0,0.0,0.0,0.0,0.0,0.0,0.0
WannaBeStartin'Somethin',0.26666666666666666,0.0,0.6444444444444445,0.0,0.0,0.0,0.0,0.0,0.0,0.0,0.0,0.0
Patches,0.5,0.0,0.0,0.0,0.0,0.5,0.0,0.0,0.0,0.0,0.0,0.0
EleanorRigby,0.76,0.0,0.0,0.0,0.0,0.0,0.0,0.0,0.24,0.0,0.0,0.0
HelloHello,0.1,0.0,0.16666666666666666,0.0,0.0,0.3,0.0,0.16666666666666666,0.0,0.2,0.06666666666666667,0.0
"TheAnaheim,Azusa&CucamongaSewingCircle,BookReviewAndTimingAssociation",0.17647058823529413,0.0,0.4117647058823529,0.08823529411764706,0.0,0.0,0.0,0.029411764705882353,0.0,0.029411764705882353,0.17647058823529413,0.08823529411764706
SecretLove,0.3333333333333333,0.0,0.0,0.0,0.0,0.05555555555555555,0.0,0.3333333333333333,0.0,0.2777777777777778,0.0,0.0
Misunderstanding,0.0,0.0,0.0,0.0,0.0,0.3333333333333333,0.0,0.0,0.3333333333333333,0.0,0.3333333333333333,0.0
Boulevard,0.23333333333333334,0.0,0.0,0.0,0.0,0.21666666666666667,0.0,0.5,0.0,0.05,0.0,0.0
TreatHerLikeALady,1.0,0.0,0.0,0.0,0.0,0.0,0.0,0.0,0.0,0.0,0.0,0.0
AlwaysonMyMind,0.09433962264150944,0.0,0.16981132075471697,0.07547169811320754,0.0,0.33962264150943394,0.0,0.32075471698113206,0.0,0.0,0.0,0.0
IGotMyMindSetOnYou,0.5357142857142857,0.0,0.0,0.0,0.0,0.07142857142857142,0.0,0.35714285714285715,0.0,0.0,0.0,0.0
IGotYou(IFeelGood),0.8181818181818182,0.0,0.0,0.0,0.0,0.0,0.0,0.0,0.0,0.0,0.0,0.0
ILikeTheWay(TheKissingGame),0.18421052631578946,0.0,0.3157894736842105,0.0,0.0,0.02631578947368421,0.0,0.3684210526315789,0.02631578947368421,0.0,0.07894736842105263,0.0
Cecilia,0.1111111111111111,0.0,0.0,0.0,0.0,0.0,0.0,0.8333333333333334,0.0,0.0,0.0,0.0
"RockandRoll,HoochieKoo",1.0,0.0,0.0,0.0,0.0,0.0,0.0,0.0,0.0,0.0,0.0,0.0
Pressure,0.4479166666666667,0.0,0.020833333333333332,0.0,0.0,0.0,0.0,0.28125,0.0,0.0,0.25,0.0
Jump(forMyLove),0.4339622641509434,0.0,0.0,0.0,0.0,0.0,0.0,0.3018867924528302,0.03773584905660377,0.03773584905660377,0.18867924528301888,0.0
Heartbreaker,0.1016949152542373,0.01694915254237288,0.01694915254237288,0.06779661016949153,0.0,0.0847457627118644,0.0,0.3728813559322034,0.22033898305084745,0.01694915254237288,0.0847457627118644,0.0
YouCan'tRollerSkateInABuffaloHerd,0.0,0.0,0.0,0.0,0.0,0.0,0.0,0.5882352941176471,0.0,0.0,0.0,0.0
IWantToWalkYouHome,1.0,0.0,0.0,0.0,0.0,0.0,0.0,0.0,0.0,0.0,0.0,0.0
BornToBeAlive,0.6666666666666666,0.0,0.0,0.0,0.3333333333333333,0.0,0.0,0.0,0.0,0.0,0.0,0.0
FeelLikeMakingLove,0.0,0.0,0.0,0.0,0.0,0.0,0.25,0.0,0.0,0.5,0.25,0.0
SpaceOddity,0.5384615384615384,0.23076923076923078,0.0,0.0,0.0,0.0,0.0,0.0,0.23076923076923078,0.0,0.0,0.0
HeyBaby,0.21875,0.0,0.375,0.0,0.0,0.0,0.0,0.28125,0.0,0.0,0.03125,0.03125
CryingTime,0.7391304347826086,0.0,0.0,0.0,0.0,0.2608695652173913,0.0,0.0,0.0,0.0,0.0,0.0
WalkingInMemphis,0.4772727272727273,0.0,0.0,0.0,0.0,0.045454545454545456,0.0,0.045454545454545456,0.0,0.4318181818181818,0.0,0.0
LivingDoll,0.4090909090909091,0.0,0.0,0.0,0.0,0.0,0.0,0.18181818181818182,0.0,0.18181818181818182,0.0,0.0
IfICouldBuildMyWholeWorldAroundYou,0.4,0.0,0.0,0.0,0.0,0.4,0.0,0.08,0.0,0.12,0.0,0.0
SweetLove,0.04081632653061224,0.0,0.0,0.0,0.0,0.0,0.0,0.5102040816326531,0.0,0.0,0.4489795918367347,0.0
HonkyTonkWomen,0.5454545454545454,0.0,0.0,0.0,0.0,0.2727272727272727,0.0,0.13636363636363635,0.0,0.0,0.0,0.0
ThemeFromElectricSurfboard,0.45454545454545453,0.2727272727272727,0.0,0.0,0.0,0.0,0.0,0.2727272727272727,0.0,0.0,0.0,0.0
GiveToLive,0.16666666666666666,0.0,0.0,0.0,0.1111111111111111,0.05555555555555555,0.0,0.6666666666666666,0.0,0.0,0.0,0.0
Venus,0.5319148936170213,0.0,0.0,0.0,0.0,0.44680851063829785,0.0,0.02127659574468085,0.0,0.0,0.0,0.0
IAdoreMiAmor,0.029411764705882353,0.0,0.0,0.23529411764705882,0.0,0.38235294117647056,0.0,0.35294117647058826,0.0,0.0,0.0,0.0
KissesOnTheWind,0.07894736842105263,0.0,0.0,0.2631578947368421,0.0,0.13157894736842105,0.0,0.0,0.15789473684210525,0.0,0.3157894736842105,0.0
AgainstTheWind,0.6,0.0,0.0,0.0,0.2,0.1,0.0,0.1,0.0,0.0,0.0,0.0
Talktome,0.8076923076923077,0.0,0.07692307692307693,0.0,0.0,0.038461538461538464,0.0,0.0,0.0,0.0,0.07692307692307693,0.0
OverTheHillsandFarAway,0.4074074074074074,0.0,0.2222222222222222,0.0,0.0,0.0,0.0,0.18518518518518517,0.0,0.0,0.0,0.18518518518518517
SummertimeBlues,0.06666666666666667,0.0,0.0,0.06666666666666667,0.06666666666666667,0.13333333333333333,0.06666666666666667,0.0,0.13333333333333333,0.0,0.13333333333333333,0.06666666666666667
IWantToTakeYouHigher,1.0,0.0,0.0,0.0,0.0,0.0,0.0,0.0,0.0,0.0,0.0,0.0
There'llNeverBe,0.0,0.0,0.25,0.0,0.0,0.0,0.25,0.5,0.0,0.0,0.0,0.0
OutOfMyMind,0.7333333333333333,0.0,0.0,0.0,0.0,0.26666666666666666,0.0,0.0,0.0,0.0,0.0,0.0
SilverThreadsAndGoldenNeedles,0.15,0.0,0.0,0.05,0.05,0.4,0.0,0.1,0.0,0.2,0.05,0.0
TheLookOfLove,0.16666666666666666,0.0,0.0,0.0,0.0,0.4305555555555556,0.0,0.18055555555555555,0.1388888888888889,0.0,0.08333333333333333,0.0
SugarMagnolia,0.35555555555555557,0.0,0.0,0.0,0.0,0.15555555555555556,0.0,0.3333333333333333,0.0,0.13333333333333333,0.0,0.0
Breezin',0.4230769230769231,0.0,0.07692307692307693,0.019230769230769232,0.0,0.0,0.0,0.4807692307692308,0.0,0.0,0.0,0.0
BecauseILoveYou,0.0,0.0,0.0,0.0,0.0,0.0,0.0,0.3333333333333333,0.0,0.6666666666666666,0.0,0.0
DialMyHeart,0.14285714285714285,0.08571428571428572,0.0,0.0,0.0,0.0,0.0,0.5428571428571428,0.0,0.08571428571428572,0.14285714285714285,0.0
ILoveARainyNight,0.24324324324324326,0.0,0.0,0.0,0.0,0.32432432432432434,0.0,0.3783783783783784,0.0,0.0,0.0,0.0
BabyWhatYouWantMeToDo,0.7647058823529411,0.0,0.0,0.0,0.0,0.0,0.0,0.23529411764705882,0.0,0.0,0.0,0.0
HisLatestFlame,0.0,0.0,0.0,0.0,0.0,0.0,0.0,0.0,0.0,1.0,0.0,0.0
20-75,0.8235294117647058,0.0,0.0,0.0,0.0,0.0,0.0,0.17647058823529413,0.0,0.0,0.0,0.0
Wendy,0.0625,0.0,0.0625,0.0,0.1875,0.5625,0.0,0.0625,0.0,0.0,0.0625,0.0
IFoundALove,0,0,0,0,0,0,0,0,0,0,0,0
YouCanCallMeAl,0.0,0.0,0.0,0.0,0.0,0.5,0.0,0.5,0.0,0.0,0.0,0.0
SeasonsOfTheHeart,0.9,0.0,0.0,0.0,0.0,0.1,0.0,0.0,0.0,0.0,0.0,0.0
StoptheWedding,0.4117647058823529,0.0,0.0,0.0,0.0,0.17647058823529413,0.058823529411764705,0.23529411764705882,0.0,0.11764705882352941,0.0,0.0
HeartFullofSoul,0.2,0.0,0.0,0.65,0.0,0.0,0.0,0.0,0.15,0.0,0.0,0.0
GoldenYears,0.48148148148148145,0.0,0.0,0.0,0.0,0.0,0.0,0.0,0.0,0.0,0.4444444444444444,0.0
DownAndOutInNewYorkCity,0.3157894736842105,0.0,0.2894736842105263,0.0,0.0,0.2894736842105263,0.0,0.10526315789473684,0.0,0.0,0.0,0.0
ColdSweat-Part1,0.6666666666666666,0.0,0.0,0.2222222222222222,0.0,0.1111111111111111,0.0,0.0,0.0,0.0,0.0,0.0
Nightshift,0.17857142857142858,0.0,0.0,0.0,0.0,0.03571428571428571,0.0,0.7142857142857143,0.0,0.03571428571428571,0.0,0.0
JungleBoogie,1.0,0.0,0.0,0.0,0.0,0.0,0.0,0.0,0.0,0.0,0.0,0.0
LetterFullofTears,0.25,0.0,0.0,0.0,0.0,0.0,0.125,0.125,0.0,0.5,0.0,0.0
TheYearThatClaytonDelaneyDied,0.9523809523809523,0.0,0.0,0.0,0.0,0.0,0.0,0.047619047619047616,0.0,0.0,0.0,0.0
WillTheWolfSurvive,0.16,0.0,0.0,0.0,0.0,0.48,0.0,0.36,0.0,0.0,0.0,0.0
I'vePassedThisWayBefore,0.1956521739130435,0.0,0.0,0.0,0.0,0.3695652173913043,0.0,0.391304347826087,0.021739130434782608,0.021739130434782608,0.0,0.0
Frankenstein,0.5333333333333333,0.0,0.0,0.0,0.0,0.2,0.0,0.06666666666666667,0.0,0.0,0.0,0.0
SexyEyes,0.08571428571428572,0.0,0.0,0.0,0.14285714285714285,0.0,0.0,0.2,0.0,0.5714285714285714,0.0,0.0
DaydreamBeliever,0.08333333333333333,0.0,0.08333333333333333,0.0,0.0,0.3333333333333333,0.0,0.25,0.0,0.25,0.0,0.0
DoIDo,0.030303030303030304,0.1717171717171717,0.0,0.0,0.09090909090909091,0.0,0.0,0.5252525252525253,0.0,0.12121212121212122,0.0,0.0
StillCruisin,0.5384615384615384,0.0,0.0,0.0,0.0,0.0,0.0,0.15384615384615385,0.0,0.19230769230769232,0.0,0.0
HoneyHoney,0.0,0.0,0.08333333333333333,0.08333333333333333,0.0,0.5,0.0,0.16666666666666666,0.0,0.16666666666666666,0.0,0.0
Lookin'forLove,0.20689655172413793,0.0,0.0,0.0,0.27586206896551724,0.13793103448275862,0.0,0.3793103448275862,0.0,0.0,0.0,0.0
SomebodysWatchingMe,0.05454545454545454,0.0,0.0,0.0,0.0,0.0,0.0,0.0,0.4909090909090909,0.0,0.45454545454545453,0.0
Judy,0.46153846153846156,0.0,0.0,0.0,0.0,0.07692307692307693,0.0,0.46153846153846156,0.0,0.0,0.0,0.0
SadEyes,0.42857142857142855,0.0,0.0,0.0,0.0,0.4,0.0,0.17142857142857143,0.0,0.0,0.0,0.0
LaGrange,1.0,0.0,0.0,0.0,0.0,0.0,0.0,0.0,0.0,0.0,0.0,0.0
He'ssoshy,0.1111111111111111,0.0,0.0,0.05555555555555555,0.0,0.0,0.0,0.0,0.0,0.0,0.8333333333333334,0.0
CatchMyFall,0.0,0.0,0.10344827586206896,0.0,0.0,0.0,0.0,0.8620689655172413,0.0,0.0,0.0,0.0
TaintedLove,0.8,0.0,0.0,0.2,0.0,0.0,0.0,0.0,0.0,0.0,0.0,0.0
Freeze-Frame,0.1111111111111111,0.0,0.0,0.0,0.0,0.3333333333333333,0.0,0.0,0.0,0.0,0.3333333333333333,0.2222222222222222
StopThisGame,0.14814814814814814,0.0,0.0,0.07407407407407407,0.0,0.037037037037037035,0.0,0.037037037037037035,0.6666666666666666,0.0,0.037037037037037035,0.0
WithOrWithoutYou,0.12121212121212122,0.0,0.0,0.0,0.0,0.8787878787878788,0.0,0.0,0.0,0.0,0.0,0.0
People,0.2857142857142857,0.0,0.14285714285714285,0.0,0.2857142857142857,0.0,0.0,0.2857142857142857,0.0,0.0,0.0,0.0
September,0.0,0.0,0.0,0.0,0.3333333333333333,0.0,0.0,0.4444444444444444,0.0,0.0,0.0,0.2222222222222222
Money,0.6190476190476191,0.07142857142857142,0.07142857142857142,0.07142857142857142,0.0,0.16666666666666666,0.0,0.0,0.0,0.0,0.0,0.0
GoingToAGo-Go,0.9565217391304348,0.0,0.0,0.0,0.0,0.0,0.0,0.0,0.0,0.0,0.0,0.0
Look-KaPyPy,0.6,0.0,0.0,0.0,0.0,0.0,0.0,0.0,0.0,0.0,0.2,0.0
Sunrise,0.05263157894736842,0.0,0.15789473684210525,0.02631578947368421,0.07894736842105263,0.39473684210526316,0.02631578947368421,0.07894736842105263,0.05263157894736842,0.02631578947368421,0.02631578947368421,0.07894736842105263
SweetMusicMan,1.0,0.0,0.0,0.0,0.0,0.0,0.0,0.0,0.0,0.0,0.0,0.0
ILove,0.5,0.0,0.0,0.0,0.0,0.0,0.0,0.0,0.5,0.0,0.0,0.0
WhiteWedding,0.2222222222222222,0.0,0.0,0.3055555555555556,0.0,0.3888888888888889,0.0,0.0,0.0,0.0,0.08333333333333333,0.0
SanctifyYourself,0.05405405405405406,0.0,0.0,0.0,0.0,0.6216216216216216,0.0,0.0,0.0,0.0,0.32432432432432434,0.0
HigherGround,0.7931034482758621,0.0,0.0,0.0,0.0,0.0,0.0,0.06896551724137931,0.0,0.0,0.13793103448275862,0.0
IFoundATrueLove,0.8695652173913043,0.0,0.0,0.0,0.0,0.0,0.0,0.13043478260869565,0.0,0.0,0.0,0.0
SpiritsInTheMaterialWorld,0.0,0.0,0.0,0.13333333333333333,0.0,0.16666666666666666,0.0,0.26666666666666666,0.016666666666666666,0.0,0.4166666666666667,0.0
QueenOfHearts,0.53125,0.0,0.0,0.0,0.0,0.46875,0.0,0.0,0.0,0.0,0.0,0.0
SomeDaysAreDiamonds(SomeDaysAreStone),0.37037037037037035,0.0,0.0,0.0,0.0,0.1111111111111111,0.0,0.3333333333333333,0.0,0.18518518518518517,0.0,0.0
RubyBaby,1.0,0.0,0.0,0.0,0.0,0.0,0.0,0.0,0.0,0.0,0.0,0.0
IDon'tBlameYouAtAll,0.6,0.0,0.0,0.0,0.0,0.12,0.12,0.12,0.0,0.0,0.04,0.0
Mabelleamie,0.42857142857142855,0.0,0.0,0.14285714285714285,0.0,0.14285714285714285,0.0,0.0,0.14285714285714285,0.0,0.14285714285714285,0.0
Schoool'sout,0.13043478260869565,0.0,0.2028985507246377,0.0,0.028985507246376812,0.10144927536231885,0.0,0.043478260869565216,0.014492753623188406,0.4057971014492754,0.014492753623188406,0.057971014492753624
I'llTumble4Ya,0.5,0.0,0.0,0.0,0.0,0.0,0.0,0.3333333333333333,0.0,0.08333333333333333,0.0,0.0
ISecondThatEmotion,1.0,0.0,0.0,0.0,0.0,0.0,0.0,0.0,0.0,0.0,0.0,0.0
RedneckFriend,0.4827586206896552,0.0,0.0,0.0,0.0,0.0,0.0,0.1724137931034483,0.0,0.3448275862068966,0.0,0.0
Doyourthing,1.0,0.0,0.0,0.0,0.0,0.0,0.0,0.0,0.0,0.0,0.0,0.0
Goin'Back,0.5909090909090909,0.0,0.0,0.0,0.18181818181818182,0.0,0.0,0.045454545454545456,0.0,0.0,0.18181818181818182,0.0
EbonyEyes,0.6,0.0,0.0,0.0,0.0,0.2,0.0,0.2,0.0,0.0,0.0,0.0
RightPlaceWrongTime,0.17073170731707318,0.0975609756097561,0.0975609756097561,0.0975609756097561,0.0,0.5365853658536586,0.0,0.0,0.0,0.0,0.0,0.0
RichGirl,0.09523809523809523,0.0,0.42857142857142855,0.0,0.09523809523809523,0.0,0.0,0.23809523809523808,0.0,0.14285714285714285,0.0,0.0
Jimmy'sGirl,0.15,0.0,0.3,0.0,0.0,0.0,0.0,0.4,0.0,0.15,0.0,0.0
Press,0.0,0.0,0.0,0.11764705882352941,0.11764705882352941,0.47058823529411764,0.0,0.11764705882352941,0.11764705882352941,0.0,0.0,0.0
(LastNight)IDidn'tGetToSleepAtAll,0.14285714285714285,0.0,0.09523809523809523,0.0,0.19047619047619047,0.0,0.0,0.5238095238095238,0.0,0.0,0.047619047619047616,0.0
GoingToChicagoBlues,0.72,0.0,0.0,0.0,0.0,0.0,0.0,0.28,0.0,0.0,0.0,0.0
WithaLittleLuck,0.12903225806451613,0.0,0.0,0.0,0.0,0.5483870967741935,0.0,0.0,0.0,0.22580645161290322,0.0967741935483871,0.0
WhatHaveIDoneToDeserveThis?,0.7777777777777778,0.0,0.0,0.0,0.0,0.0,0.0,0.2222222222222222,0.0,0.0,0.0,0.0
LiveToTell,0.20930232558139536,0.0,0.0,0.0,0.0,0.0,0.0,0.18604651162790697,0.2558139534883721,0.0,0.3488372093023256,0.0
I'veBeenEverywhere,1.0,0.0,0.0,0.0,0.0,0.0,0.0,0.0,0.0,0.0,0.0,0.0
She'sALady,0.6111111111111112,0.0,0.05555555555555555,0.0,0.0,0.1111111111111111,0.0,0.0,0.0,0.2222222222222222,0.0,0.0
Situation,0.38028169014084506,0.0,0.15492957746478872,0.0,0.0,0.0,0.0,0.15492957746478872,0.0,0.0,0.30985915492957744,0.0
TheArmsOfOrion,0.0,0.0,0.0,0.0,0.0,0.0,0.0,1.0,0.0,0.0,0.0,0.0
CityInTheSky,0.4090909090909091,0.0,0.0,0.0,0.0,0.4090909090909091,0.0,0.0,0.0,0.0,0.18181818181818182,0.0
MyKindaLover,0.0,0.0,0.0,0.0,0.0,0.2,0.0,0.45,0.0,0.35,0.0,0.0
AVerySpecialLoveSong,0.0,0.0,0.8,0.0,0.0,0.0,0.0,0.0,0.0,0.0,0.2,0.0
OldDays,0.0,0.0,0.12903225806451613,0.0,0.12903225806451613,0.12903225806451613,0.0,0.5483870967741935,0.0,0.06451612903225806,0.0,0.0
HappyAnniversary,0.03125,0.0,0.03125,0.0,0.0,0.90625,0.0,0.0,0.0,0.03125,0.0,0.0
CaliforniaNights,0.3225806451612903,0.0,0.0,0.0,0.12903225806451613,0.12903225806451613,0.22580645161290322,0.06451612903225806,0.0,0.12903225806451613,0.0,0.0
SailOnSailor,0,0,0,0,0,0,0,0,0,0,0,0
ICan'tDrive55,0.4146341463414634,0.0,0.0,0.17073170731707318,0.0,0.21951219512195122,0.0,0.07317073170731707,0.0,0.0,0.12195121951219512,0.0
Chicago,0.0,0.0,0.0,0.0,0.0,0.0,0.0,0.4931506849315068,0.4931506849315068,0.0,0.0136986301369863,0.0
IWill,0.5454545454545454,0.0,0.0,0.0,0.0,0.13636363636363635,0.0,0.3181818181818182,0.0,0.0,0.0,0.0
MyBoy,0.4166666666666667,0.0,0.0,0.0,0.5833333333333334,0.0,0.0,0.0,0.0,0.0,0.0,0.0
TeachYourChildren,0.0,0.0,0.0,0.0,0.0,0.5652173913043478,0.0,0.43478260869565216,0.0,0.0,0.0,0.0
NakedEyes,1.0,0.0,0.0,0.0,0.0,0.0,0.0,0.0,0.0,0.0,0.0,0.0
DancingMachine,0.8823529411764706,0.0,0.0,0.0,0.0,0.0,0.0,0.0,0.0,0.0,0.0,0.0
INeverLovedAMan,0.3333333333333333,0.0,0.0,0.0,0.0,0.3333333333333333,0.0,0.3333333333333333,0.0,0.0,0.0,0.0
YouDecoratedMyLife,0.0,0.0,0.0,0.0,0.14814814814814814,0.5555555555555556,0.0,0.2962962962962963,0.0,0.0,0.0,0.0
UpsideDown,0,0,0,0,0,0,0,0,0,0,0,0
ForOl'TimesSake,0.25,0.0,0.0,0.0,0.0,0.75,0.0,0.0,0.0,0.0,0.0,0.0
StraightFromTheHeart,0.0,0.0,0.0,0.0,0.0,0.6216216216216216,0.0,0.3783783783783784,0.0,0.0,0.0,0.0
SunshineSuperman,0.6756756756756757,0.0,0.0,0.0,0.0,0.32432432432432434,0.0,0.0,0.0,0.0,0.0,0.0
BurningDownTheHouse,0.08,0.0,0.0,0.92,0.0,0.0,0.0,0.0,0.0,0.0,0.0,0.0
TheSoundsOfSilence,0.0,0.0,0.0,0.0,0.5,0.0,0.0,0.5,0.0,0.0,0.0,0.0
YearsFromNow,0.0,0.0,0.0,0.0,0.0,0.0,0.0,1.0,0.0,0.0,0.0,0.0
HocusPocus,0.14457831325301204,0.12048192771084337,0.1686746987951807,0.12048192771084337,0.0,0.14457831325301204,0.0,0.1686746987951807,0.0,0.0,0.04819277108433735,0.0
BabyDon'tChangeYourMind,0.34285714285714286,0.0,0.08571428571428572,0.0,0.08571428571428572,0.08571428571428572,0.0,0.4,0.0,0.0,0.0,0.0
NeedYouTonight,0.0,0.0,0.0,0.0,0.0,0.0,0.0,0.0,0.0,0.0,0.0,0.0
BabyYou'reRight,0.2727272727272727,0.0,0.09090909090909091,0.0,0.0,0.09090909090909091,0.0,0.5454545454545454,0.0,0.0,0.0,0.0
KindOfADrag,0.375,0.0,0.0,0.1875,0.0,0.1875,0.0,0.0625,0.0,0.0,0.1875,0.0
Tenderness,0.0,0.0,0.0,0.0,0.0,0.0,0.0,1.0,0.0,0.0,0.0,0.0
OneBadApple,1.0,0.0,0.0,0.0,0.0,0.0,0.0,0.0,0.0,0.0,0.0,0.0
Heartaches,0.0,0.0,0.0,0.22857142857142856,0.0,0.4,0.0,0.2857142857142857,0.0,0.0,0.08571428571428572,0.0
TakeMeDown,0.2647058823529412,0.0,0.058823529411764705,0.0,0.08823529411764706,0.4411764705882353,0.0,0.11764705882352941,0.0,0.0,0.0,0.029411764705882353
Levon,0.375,0.0,0.16666666666666666,0.0,0.0,0.3333333333333333,0.0,0.125,0.0,0.0,0.0,0.0
Galveston,0.25,0.0,0.14285714285714285,0.03571428571428571,0.0,0.21428571428571427,0.0,0.32142857142857145,0.0,0.03571428571428571,0.0,0.0
Promises,0.45,0.0,0.0,0.0,0.0,0.2,0.0,0.35,0.0,0.0,0.0,0.0
HowBlueCanYouGet,0.7,0.0,0.0,0.0,0.0,0.0,0.0,0.3,0.0,0.0,0.0,0.0
TheAnimals,0.21052631578947367,0.0,0.0,0.0,0.5263157894736842,0.0,0.0,0.0,0.0,0.2631578947368421,0.0,0.0
TheBest,0.6730769230769231,0.0,0.0,0.0,0.0,0.019230769230769232,0.0,0.2692307692307692,0.0,0.038461538461538464,0.0,0.0
"KnowingMe,KnowingYou",0.0,0.0,0.0,0.0,0.14285714285714285,0.10714285714285714,0.0,0.6428571428571429,0.0,0.10714285714285714,0.0,0.0
LikeARock,0.48148148148148145,0.0,0.0,0.0,0.0,0.48148148148148145,0.0,0.037037037037037035,0.0,0.0,0.0,0.0
TellItLikeItIs,0.45,0.0,0.0,0.0,0.0,0.0,0.0,0.1,0.0,0.45,0.0,0.0
AlmostGrown,0.9523809523809523,0.0,0.0,0.0,0.0,0.0,0.0,0.0,0.0,0.0,0.0,0.0
BigYellowTaxi,0.875,0.0,0.0,0.0,0.0,0.0,0.0,0.125,0.0,0.0,0.0,0.0
HeavenMustHaveSentYou,0.0,0.0,0.2727272727272727,0.0,0.25,0.0,0.0,0.22727272727272727,0.0,0.25,0.0,0.0
Don'tLeaveMeThisWay,0.0,0.0,0.0,0.02857142857142857,0.0,0.37142857142857144,0.0,0.0,0.05714285714285714,0.0,0.5428571428571428,0.0
ThereSheGoes,0.0,0.0,0.0,0.0,0.0,0.45454545454545453,0.0,0.5454545454545454,0.0,0.0,0.0,0.0
If,0.0,0.0,0.0,0.0,0.0,0.5,0.0,0.5,0.0,0.0,0.0,0.0
BlowAway,0.0,0.0,0.0,0.0,0.0,0.3,0.0,0.4,0.0,0.0,0.3,0.0
TwoHearts,0.4838709677419355,0.0,0.25806451612903225,0.03225806451612903,0.0,0.0,0.06451612903225806,0.16129032258064516,0.0,0.0,0.0,0.0
SweetSoulMusic,1.0,0.0,0.0,0.0,0.0,0.0,0.0,0.0,0.0,0.0,0.0,0.0
Sunflower,0.08333333333333333,0.0,0.0,0.0,0.0,0.6666666666666666,0.0,0.25,0.0,0.0,0.0,0.0
TalkBackTremblingLips,0.7222222222222222,0.0,0.0,0.0,0.0,0.0,0.0,0.2777777777777778,0.0,0.0,0.0,0.0
BigIron,0.5,0.0,0.0,0.0,0.0,0.0,0.0,0.0,0.0,0.5,0.0,0.0
IDon'tNeedYou,0.0,0.0,0.2,0.0,0.0,0.4,0.0,0.4,0.0,0.0,0.0,0.0
There'stheGirl,0.0,0.0,0.0,0.0,0.0,0.0,0.0,0.0,0.14285714285714285,0.0,0.8571428571428571,0.0
EightMilesHigh,0.0,0.0,0.0,0.0,0.0,0.0,0.0,0.0,1.0,0.0,0.0,0.0
NightMoves,0.06557377049180328,0.0,0.0,0.0,0.01639344262295082,0.4426229508196721,0.0,0.03278688524590164,0.0,0.01639344262295082,0.4262295081967213,0.0
AliveAgain,0.391304347826087,0.0,0.0,0.08695652173913043,0.08695652173913043,0.043478260869565216,0.0,0.2608695652173913,0.0,0.08695652173913043,0.043478260869565216,0.0
I'veBeenLovingYouTooLong(ToStopNow),0.0,0.0,0.0,0.0,0.1111111111111111,0.0,0.0,0.4444444444444444,0.4444444444444444,0.0,0.0,0.0
DontTreatMeBad,0.0,0.0,0.0,0.0,0.0,0.0,0.0,0.0,0.0,0.0,0.0,0.0
WhenWillIBeLoved,0.3,0.0,0.0,0.0,0.0,0.35,0.0,0.35,0.0,0.0,0.0,0.0
HelloStranger,0.0,0.0,0.5652173913043478,0.0,0.0,0.0,0.0,0.43478260869565216,0.0,0.0,0.0,0.0
TakeAChanceOnMe,0.3333333333333333,0.0,0.0,0.0,0.0,0.0,0.0,0.6111111111111112,0.0,0.0,0.0,0.0
Dandelion,0.21739130434782608,0.0,0.6956521739130435,0.0,0.0,0.0,0.0,0.0,0.0,0.08695652173913043,0.0,0.0
DonGibson,0.0,0.0,0.0,0.0,0.0,0.0,0.0,1.0,0.0,0.0,0.0,0.0
UnskinnyBop,0.10526315789473684,0.0,0.0,0.0,0.0,0.47368421052631576,0.0,0.07017543859649122,0.0,0.0,0.2807017543859649,0.03508771929824561
MustOfGotLost,0.5625,0.0,0.0,0.0,0.0,0.375,0.0,0.0,0.0,0.0,0.0,0.0
HelpIsOnTheWay,0.07692307692307693,0.0,0.0,0.07692307692307693,0.0,0.0,0.0,0.46153846153846156,0.38461538461538464,0.0,0.0,0.0
EveryLittleThingSheDoesIsMagic,0.42424242424242425,0.0,0.0,0.06060606060606061,0.0,0.0,0.0,0.45454545454545453,0.0,0.0,0.06060606060606061,0.0
GoodMorningStarshine,0.3333333333333333,0.0,0.1111111111111111,0.0,0.05555555555555555,0.1388888888888889,0.0,0.3055555555555556,0.0,0.0,0.027777777777777776,0.0
Surrender,0.20689655172413793,0.41379310344827586,0.0,0.0,0.0,0.2413793103448276,0.06896551724137931,0.06896551724137931,0.0,0.0,0.0,0.0
SuperFreakPartOne,0.5102040816326531,0.0,0.0,0.0,0.0,0.0,0.0,0.0,0.0,0.0,0.4897959183673469,0.0
JustADream,0.7058823529411765,0.0,0.0,0.0,0.0,0.0,0.0,0.29411764705882354,0.0,0.0,0.0,0.0
GiveItToMeBaby,0.8928571428571429,0.0,0.0,0.0,0.0,0.0,0.0,0.0,0.0,0.0,0.0,0.0
Amie,0.1320754716981132,0.0,0.0,0.1509433962264151,0.0,0.39622641509433965,0.0,0.18867924528301888,0.0,0.0,0.1320754716981132,0.0
"OutOfSight,OutOfMind",0.14285714285714285,0.0,0.0,0.0,0.0,0.0,0.0,0.7142857142857143,0.0,0.14285714285714285,0.0,0.0
ATrickOfTheNight,0.13953488372093023,0.0,0.0,0.046511627906976744,0.0,0.16279069767441862,0.0,0.023255813953488372,0.32558139534883723,0.0,0.3023255813953488,0.0
BeMyBaby,0.05,0.0,0.0,0.0,0.0,0.0,0.0,0.6,0.0,0.35,0.0,0.0
TheWayYouDoTheThingsYouDo,0.8620689655172413,0.0,0.0,0.0,0.0,0.13793103448275862,0.0,0.0,0.0,0.0,0.0,0.0
LivingItDown,0.13333333333333333,0.0,0.0,0.0,0.0,0.3333333333333333,0.2,0.3333333333333333,0.0,0.0,0.0,0.0
WhiteChristmas,0.16,0.0,0.08,0.0,0.0,0.16,0.16,0.32,0.0,0.0,0.0,0.12
Rock'nMe,0.48,0.0,0.0,0.0,0.0,0.0,0.0,0.0,0.0,0.0,0.52,0.0
BreakingUpIsHardToDo,0.15789473684210525,0.0,0.3684210526315789,0.0,0.0,0.0,0.0,0.3684210526315789,0.0,0.0,0.10526315789473684,0.0
GivingYoutheBestThatIGot,0.06382978723404255,0.0,0.425531914893617,0.02127659574468085,0.0851063829787234,0.3829787234042553,0.0,0.0,0.0,0.02127659574468085,0.0,0.0
True,0.08823529411764706,0.08823529411764706,0.029411764705882353,0.0,0.4117647058823529,0.17647058823529413,0.0,0.0,0.058823529411764705,0.058823529411764705,0.058823529411764705,0.0
Allshewantsis,0.9615384615384616,0.0,0.0,0.0,0.0,0.0,0.0,0.0,0.0,0.0,0.0,0.0
SweetCaroline(GoodTimesNeverSeemedSoGood),0.1,0.0,0.05,0.0,0.05,0.3,0.0,0.5,0.0,0.0,0.0,0.0
SweetNothin's,0.4117647058823529,0.0,0.0,0.0,0.0,0.23529411764705882,0.0,0.29411764705882354,0.0,0.0,0.0,0.0
LastDate,0.4,0.0,0.1,0.0,0.0,0.3,0.0,0.2,0.0,0.0,0.0,0.0
OneNight,0.46153846153846156,0.0,0.0,0.0,0.0,0.0,0.0,0.38461538461538464,0.0,0.0,0.0,0.0
ThreeTimesALady,0.0,0.0,0.1875,0.0,0.0,0.1875,0.0,0.625,0.0,0.0,0.0,0.0
AftertheLovin',0.16666666666666666,0.027777777777777776,0.08333333333333333,0.08333333333333333,0.027777777777777776,0.027777777777777776,0.027777777777777776,0.25,0.2222222222222222,0.027777777777777776,0.05555555555555555,0.0
HeyYou!GetOffMyMountain,0.0,0.0,0.0,0.0,0.4117647058823529,0.0,0.0,0.47058823529411764,0.0,0.11764705882352941,0.0,0.0
Heaven'sJustASinAway,0.17647058823529413,0.0,0.0,0.0,0.0,0.47058823529411764,0.0,0.35294117647058826,0.0,0.0,0.0,0.0
Unforgettable,0.0,0.0,0.16666666666666666,0.0,0.0,0.0,0.0,0.0,0.0,0.6666666666666666,0.16666666666666666,0.0
ItKeepsRightOnA-Hurtin',0.3333333333333333,0.0,0.047619047619047616,0.0,0.0,0.42857142857142855,0.0,0.19047619047619047,0.0,0.0,0.0,0.0
ALoveSong,0.5,0.0,0.0,0.0,0.0,0.0,0.0,0.4375,0.0,0.0,0.0,0.0
FoolThatIAm,0.0,0.0,0.0,0.0,0.18181818181818182,0.09090909090909091,0.0,0.6363636363636364,0.0,0.09090909090909091,0.0,0.0
HereIGoAgain,0.0,0.0,0.058823529411764705,0.0,0.0,0.37254901960784315,0.0,0.5686274509803921,0.0,0.0,0.0,0.0
MaybeI'mAmazed,1.0,0.0,0.0,0.0,0.0,0.0,0.0,0.0,0.0,0.0,0.0,0.0
DanceAway,0.0,0.0,0.07692307692307693,0.07692307692307693,0.0,0.0,0.0,0.0,0.0,0.6153846153846154,0.07692307692307693,0.0
ThisShouldGoOnForever,0.0,0.0,0.18181818181818182,0.0,0.0,0.0,0.0,0.8181818181818182,0.0,0.0,0.0,0.0
ComeAndGetYourLove,0.525,0.0,0.0,0.0,0.0,0.0,0.0,0.0,0.0,0.475,0.0,0.0
"RightHere,RightNow",0.39622641509433965,0.0,0.22641509433962265,0.0,0.0,0.3018867924528302,0.0,0.07547169811320754,0.0,0.0,0.0,0.0
BornToBeWild,0.8,0.0,0.0,0.06666666666666667,0.0,0.0,0.0,0.0,0.0,0.0,0.13333333333333333,0.0
BestOfMyLove,0.03571428571428571,0.0,0.5,0.0,0.0,0.2857142857142857,0.0,0.17857142857142858,0.0,0.0,0.0,0.0
SweetSurrender,0.45454545454545453,0.0,0.045454545454545456,0.0,0.0,0.13636363636363635,0.0,0.18181818181818182,0.0,0.18181818181818182,0.0,0.0
WalkOnTheWildSide(Part1),0.5714285714285714,0.0,0.0,0.0,0.0,0.42857142857142855,0.0,0.0,0.0,0.0,0.0,0.0
AddictedtoLove,0.41935483870967744,0.0,0.0,0.0,0.0,0.1935483870967742,0.0,0.0,0.0,0.0,0.3548387096774194,0.0
TheStroke,0.0,0.0,0.0,0.0,0.0,0.0,0.0,0.0,0.0,0.0,0.0,0.0
ElCondorPasa,0.25,0.0,0.0,0.5,0.0,0.0,0.0,0.0,0.25,0.0,0.0,0.0
SilentLucidity,0.11764705882352941,0.029411764705882353,0.23529411764705882,0.0,0.0,0.14705882352941177,0.0,0.0,0.0,0.47058823529411764,0.0,0.0
HappyTogether,0.125,0.0,0.0,0.3125,0.0,0.0,0.0,0.25,0.0,0.0,0.3125,0.0
MyWorldFellDown,0.23076923076923078,0.0,0.3076923076923077,0.0,0.0,0.3076923076923077,0.0,0.15384615384615385,0.0,0.0,0.0,0.0
FoggyMountainBreakdown,1.0,0.0,0.0,0.0,0.0,0.0,0.0,0.0,0.0,0.0,0.0,0.0
Abacab,0.06666666666666667,0.0,0.06666666666666667,0.0,0.022222222222222223,0.4888888888888889,0.0,0.08888888888888889,0.0,0.044444444444444446,0.2222222222222222,0.0
OdeToBillieJoe,0.6774193548387096,0.0,0.0,0.0,0.0,0.3225806451612903,0.0,0.0,0.0,0.0,0.0,0.0
CrazyOnYou,0.05555555555555555,0.0,0.05555555555555555,0.0,0.0,0.1111111111111111,0.0,0.2777777777777778,0.25,0.0,0.25,0.0
What'sLoveGotToDoWithIt,0.13333333333333333,0.0,0.0,0.0,0.0,0.06666666666666667,0.0,0.0,0.13333333333333333,0.0,0.6666666666666666,0.0
NeverMyLove,0.36363636363636365,0.0,0.045454545454545456,0.0,0.0,0.18181818181818182,0.0,0.0,0.18181818181818182,0.0,0.18181818181818182,0.0
LuckyMan,0.0,0.0,0.0,0.0,0.0,0.0,0.0,0.896551724137931,0.0,0.0,0.0,0.0
Ain'tTooProudToBeg,0.3793103448275862,0.0,0.0,0.0,0.0,0.3448275862068966,0.0,0.1724137931034483,0.0,0.0,0.0,0.0
AndSheWas,0.23076923076923078,0.07692307692307693,0.0,0.05128205128205128,0.0,0.28205128205128205,0.0,0.0,0.07692307692307693,0.0,0.28205128205128205,0.0
JimiHendrix,0.5,0.0,0.0,0.15789473684210525,0.0,0.21052631578947367,0.0,0.05263157894736842,0.05263157894736842,0.0,0.0,0.0
OneLessBellToAnswer,0.0,0.0,0.24,0.04,0.28,0.16,0.0,0.16,0.0,0.12,0.0,0.0
We'reAllAlone,0,0,0,0,0,0,0,0,0,0,0,0
IWon'tStandInYourWay,0.35,0.0,0.0,0.0,0.0,0.25,0.0,0.1,0.05,0.0,0.25,0.0
InYourSoul,0.5,0.0,0.09090909090909091,0.0,0.0,0.3181818181818182,0.0,0.045454545454545456,0.0,0.045454545454545456,0.0,0.0
Don'tKnockMyLove-Pt.1,0.6428571428571429,0.0,0.0,0.07142857142857142,0.0,0.2857142857142857,0.0,0.0,0.0,0.0,0.0,0.0
RocketRide,0.25,0.0,0.09722222222222222,0.06944444444444445,0.06944444444444445,0.09722222222222222,0.013888888888888888,0.2361111111111111,0.06944444444444445,0.06944444444444445,0.013888888888888888,0.013888888888888888
AlreadyGone,0.0,0.0,0.0,0.0,0.0,1.0,0.0,0.0,0.0,0.0,0.0,0.0
Kokomo(FromTheCocktailSoundtrack),0.0,0.0,0.0,0.0,0.0,0.5909090909090909,0.0,0.4090909090909091,0.0,0.0,0.0,0.0
PhiladelphiaFreedom,0.6857142857142857,0.0,0.0,0.0,0.17142857142857143,0.05714285714285714,0.0,0.02857142857142857,0.0,0.0,0.05714285714285714,0.0
Iwouldn'tHaveMisseditForTheWorld,0.14814814814814814,0.0,0.07407407407407407,0.0,0.2962962962962963,0.14814814814814814,0.0,0.3333333333333333,0.0,0.0,0.0,0.0
GoldenEarring,0.4375,0.0,0.03125,0.0,0.0,0.0,0.0,0.125,0.40625,0.0,0.0,0.0
IWantYou,0.18181818181818182,0.0,0.0,0.22727272727272727,0.0,0.18181818181818182,0.0,0.4090909090909091,0.0,0.0,0.0,0.0
Lambada,0.34210526315789475,0.0,0.0,0.34210526315789475,0.0,0.3157894736842105,0.0,0.0,0.0,0.0,0.0,0.0
TumblingDice,0.6470588235294118,0.0,0.0,0.0,0.0,0.0,0.0,0.35294117647058826,0.0,0.0,0.0,0.0
HelloDolly,0.0,0.0,0.2608695652173913,0.0,0.2608695652173913,0.0,0.0,0.17391304347826086,0.0,0.30434782608695654,0.0,0.0
"IRise,IFall",0.7142857142857143,0.0,0.0,0.0,0.0,0.0,0.0,0.07142857142857142,0.0,0.21428571428571427,0.0,0.0
WalkRightIn,0.5,0.0,0.0,0.0,0.0,0.2777777777777778,0.0,0.2222222222222222,0.0,0.0,0.0,0.0
BabyComeBack,0,0,0,0,0,0,0,0,0,0,0,0
Ifyoulovesomebodysetthemfree,0.35135135135135137,0.0,0.0,0.0,0.0,0.5945945945945946,0.0,0.0,0.0,0.0,0.05405405405405406,0.0
War,0.44,0.0,0.0,0.28,0.0,0.28,0.0,0.0,0.0,0.0,0.0,0.0
EverlastingLove,0.4166666666666667,0.0,0.25,0.0,0.0,0.0,0.0,0.05555555555555555,0.0,0.2777777777777778,0.0,0.0
Carrie-Anne,0.17391304347826086,0.0,0.0,0.0,0.0,0.21739130434782608,0.0,0.6086956521739131,0.0,0.0,0.0,0.0
LastDance,0.14285714285714285,0.0,0.19047619047619047,0.0,0.0,0.19047619047619047,0.0,0.23809523809523808,0.0,0.23809523809523808,0.0,0.0
DoubleShot(OfMyBaby'sLove),0.21739130434782608,0.0,0.0,0.0,0.0,0.0,0.0,0.5217391304347826,0.0,0.2608695652173913,0.0,0.0
JustLikeJesseJames,0.0,0.0,0.0,0.0,0.0,0.5555555555555556,0.0,0.4444444444444444,0.0,0.0,0.0,0.0
Brandy,0.15151515151515152,0.0,0.15151515151515152,0.0,0.0,0.3333333333333333,0.0,0.15151515151515152,0.0,0.06060606060606061,0.15151515151515152,0.0
InMyRoom,0.5714285714285714,0.0,0.0,0.0,0.0,0.07142857142857142,0.0,0.07142857142857142,0.0,0.21428571428571427,0.07142857142857142,0.0
IfICouldReachYou,0.3793103448275862,0.0,0.0,0.0,0.10344827586206896,0.20689655172413793,0.0,0.1724137931034483,0.0,0.13793103448275862,0.0,0.0
LetItRain,0.3333333333333333,0.0,0.0,0.0,0.027777777777777776,0.0,0.0,0.6111111111111112,0.0,0.027777777777777776,0.0,0.0
ICan'tStandTheRain,0.6363636363636364,0.0,0.0,0.09090909090909091,0.0,0.0,0.0,0.18181818181818182,0.0,0.0,0.0,0.0
TheWaysOfAWomanInLove,0.8,0.0,0.0,0.0,0.0,0.0,0.0,0.2,0.0,0.0,0.0,0.0
SeeSeeRider,0.5357142857142857,0.0,0.0,0.0,0.0,0.21428571428571427,0.0,0.10714285714285714,0.0,0.0,0.0,0.0
OldTimeRock&Roll,0.08333333333333333,0.0,0.0,0.0,0.0,0.4583333333333333,0.0,0.4166666666666667,0.0,0.0,0.0,0.0
TheJoker,0.0,0.0,0.0,0.0,0.0,1.0,0.0,0.0,0.0,0.0,0.0,0.0
GotItMade,0.175,0.0,0.0,0.0,0.0,0.0,0.0,0.8,0.0,0.0,0.0,0.0
It'sRainingMen,0.68,0.0,0.0,0.0,0.0,0.08,0.0,0.2,0.0,0.0,0.04,0.0
HeyStoopid,0.07317073170731707,0.0,0.0,0.0,0.04878048780487805,0.024390243902439025,0.0,0.07317073170731707,0.2926829268292683,0.0,0.4146341463414634,0.0
AlmostbyBeingInLove,0.3958333333333333,0.0,0.0,0.0,0.0,0.020833333333333332,0.0,0.14583333333333334,0.2708333333333333,0.0,0.16666666666666666,0.0
GirlImGonnaMissYou,0.0,0.0,0.0,0.0,0.0,0.0,0.0,1.0,0.0,0.0,0.0,0.0
RidersOnTheStorm,0.9375,0.0,0.0,0.0,0.0,0.0,0.0,0.0,0.0,0.0,0.0625,0.0
EightDaysAWeek,0.6363636363636364,0.0,0.18181818181818182,0.0,0.0,0.0,0.0,0.09090909090909091,0.0,0.09090909090909091,0.0,0.0
BabyCanIHoldYou,0.0,0.0,0.26666666666666666,0.0,0.0,0.26666666666666666,0.0,0.4666666666666667,0.0,0.0,0.0,0.0
DooDooDooDooDoo,1.0,0.0,0.0,0.0,0.0,0.0,0.0,0.0,0.0,0.0,0.0,0.0
NoCharge,0.3157894736842105,0.0,0.0,0.0,0.0,0.15789473684210525,0.0,0.5263157894736842,0.0,0.0,0.0,0.0
LifeIsACarnival,0.7307692307692307,0.0,0.0,0.0,0.0,0.2692307692307692,0.0,0.0,0.0,0.0,0.0,0.0
LoveTrain,0.041666666666666664,0.0,0.0,0.0,0.0,0.16666666666666666,0.0,0.7083333333333334,0.0,0.08333333333333333,0.0,0.0
Jessie'sGirl,0,0,0,0,0,0,0,0,0,0,0,0
Drivin'Wheel,0.2558139534883721,0.0,0.0,0.0,0.0,0.6744186046511628,0.0,0.06976744186046512,0.0,0.0,0.0,0.0
Elvira,0.8571428571428571,0.0,0.0,0.0,0.0,0.0,0.0,0.0,0.14285714285714285,0.0,0.0,0.0
She'sAWoman,0.6,0.0,0.0,0.0,0.0,0.26666666666666666,0.0,0.13333333333333333,0.0,0.0,0.0,0.0
MyThang,0.6590909090909091,0.0,0.0,0.022727272727272728,0.0,0.3181818181818182,0.0,0.0,0.0,0.0,0.0,0.0
ComeMonday,0.5333333333333333,0.0,0.0,0.0,0.0,0.0,0.0,0.4666666666666667,0.0,0.0,0.0,0.0
TreatHerRight,1.0,0.0,0.0,0.0,0.0,0.0,0.0,0.0,0.0,0.0,0.0,0.0
WithYouI'mBornAgain,0.47368421052631576,0.0,0.0,0.0,0.0,0.0,0.0,0.47368421052631576,0.0,0.0,0.05263157894736842,0.0
AmericanStorm,0.017857142857142856,0.0,0.8214285714285714,0.0,0.10714285714285714,0.0,0.0,0.05357142857142857,0.0,0.0,0.0,0.0
CryLikeABaby,0.8666666666666667,0.0,0.0,0.0,0.0,0.06666666666666667,0.0,0.0,0.0,0.06666666666666667,0.0,0.0
WeAreTheChampions,0,0,0,0,0,0,0,0,0,0,0,0
PeopleGetReady,0,0,0,0,0,0,0,0,0,0,0,0
EchoesOfLove,0.9166666666666666,0.0,0.0,0.0,0.0,0.0,0.0,0.0,0.0,0.08333333333333333,0.0,0.0
WithALittleHelpFromMyFriends,0.75,0.0,0.0,0.0,0.0,0.1875,0.0,0.0625,0.0,0.0,0.0,0.0
That'stheWayIFeelAboutCha,0.22580645161290322,0.0,0.25806451612903225,0.0,0.06451612903225806,0.03225806451612903,0.0,0.22580645161290322,0.0,0.1935483870967742,0.0,0.0
TooManyRivers,0.2,0.0,0.4,0.0,0.0,0.0,0.0,0.4,0.0,0.0,0.0,0.0
IndianaWantsMe,0.0,0.0,0.0,0.0,0.0,0.375,0.0,0.625,0.0,0.0,0.0,0.0
AHazyShadeOfWinter,0.0,0.0,0.0,0.1875,0.0,0.0625,0.0,0.4375,0.0,0.0,0.3125,0.0
He'sSoFine,0.3125,0.0,0.0,0.0,0.0,0.125,0.0,0.5,0.0,0.0625,0.0,0.0
WhoWillYouRunTo,0.12121212121212122,0.0,0.0,0.0,0.0,0.36363636363636365,0.0,0.0,0.0,0.0,0.5151515151515151,0.0
ThatOldBlackMagic,0.4782608695652174,0.0,0.2391304347826087,0.0,0.043478260869565216,0.06521739130434782,0.043478260869565216,0.0,0.0,0.043478260869565216,0.0,0.043478260869565216
TheMillionaire,0,0,0,0,0,0,0,0,0,0,0,0
SmokingGun,1.0,0.0,0.0,0.0,0.0,0.0,0.0,0.0,0.0,0.0,0.0,0.0
Fever,1.0,0.0,0.0,0.0,0.0,0.0,0.0,0.0,0.0,0.0,0.0,0.0
DoYouWantToKnowASecret,0.0,0.0,0.42857142857142855,0.0,0.0,0.0,0.0,0.5,0.0,0.07142857142857142,0.0,0.0
BabyI'mBurnin',0.40625,0.21875,0.0,0.0,0.0,0.09375,0.0,0.03125,0.25,0.0,0.0,0.0
LittleTooLate,0.16666666666666666,0.0,0.0,0.0,0.16666666666666666,0.5,0.0,0.09259259259259259,0.0,0.0,0.0,0.0
BackHomeAgain,0.5294117647058824,0.0,0.0,0.0,0.0,0.4411764705882353,0.0,0.029411764705882353,0.0,0.0,0.0,0.0
He'sARebel,0.14285714285714285,0.0,0.09523809523809523,0.0,0.0,0.09523809523809523,0.0,0.38095238095238093,0.047619047619047616,0.23809523809523808,0.0,0.0
WalkLikeAMan,0.875,0.0,0.0,0.0,0.0,0.0625,0.0,0.0,0.0,0.0,0.0625,0.0
DevilWoman,0.38235294117647056,0.0,0.0,0.0,0.0,0.0,0.0,0.08823529411764706,0.2647058823529412,0.0,0.2647058823529412,0.0
QuarterToThree,0.17391304347826086,0.0,0.0,0.0,0.0,0.0,0.0,0.34782608695652173,0.0,0.391304347826087,0.0,0.0
CaughtUpInTheRapture,0.0,0.0,0.28846153846153844,0.0,0.23076923076923078,0.15384615384615385,0.0,0.19230769230769232,0.0,0.0,0.1346153846153846,0.0
LittleBitO'Soul,0.4444444444444444,0.0,0.027777777777777776,0.0,0.0,0.0,0.0,0.5277777777777778,0.0,0.0,0.0,0.0
ThisSong,0.0,0.0,0.0,0.0,0.0,0.5,0.0,0.5,0.0,0.0,0.0,0.0
OnBroadway,0.65,0.15,0.0,0.0,0.0,0.075,0.025,0.075,0.025,0.0,0.0,0.0
Surfin'Safari,1.0,0.0,0.0,0.0,0.0,0.0,0.0,0.0,0.0,0.0,0.0,0.0
MightyGoodLovin',0.4,0.0,0.0,0.0,0.0,0.3,0.0,0.1,0.0,0.0,0.0,0.0
HumanNature,0.0,0.0,0.2777777777777778,0.0,0.0,0.2222222222222222,0.0,0.4444444444444444,0.0,0.05555555555555555,0.0,0.0
EvenNow,0.5384615384615384,0.0,0.07692307692307693,0.0,0.0,0.20512820512820512,0.0,0.1794871794871795,0.0,0.0,0.0,0.0
ICan'tStandIt,0.0,0.0,0.0,0.375,0.0,0.5625,0.0,0.0625,0.0,0.0,0.0,0.0
AnotherBrickInTheWall(PartII),0.4782608695652174,0.0,0.0,0.17391304347826086,0.0,0.08695652173913043,0.0,0.0,0.043478260869565216,0.0,0.08695652173913043,0.0
SweetLittleRockN'Roll,1.0,0.0,0.0,0.0,0.0,0.0,0.0,0.0,0.0,0.0,0.0,0.0
LovingHerWasEasier,1.0,0.0,0.0,0.0,0.0,0.0,0.0,0.0,0.0,0.0,0.0,0.0
TellMeWhatYouWantMeToDo,0.0,0.0,0.3,0.0,0.05,0.0,0.0,0.6,0.0,0.05,0.0,0.0
MyWishCameTrue,0.36363636363636365,0.0,0.0,0.0,0.0,0.18181818181818182,0.0,0.45454545454545453,0.0,0.0,0.0,0.0
ISawHerStandingThere,0.4230769230769231,0.0,0.0,0.0,0.0,0.11538461538461539,0.0,0.3076923076923077,0.15384615384615385,0.0,0.0,0.0
Gloria,0.6666666666666666,0.0,0.0,0.0,0.0,0.28,0.0,0.05333333333333334,0.0,0.0,0.0,0.0
IfIWereACarpenter,1.0,0.0,0.0,0.0,0.0,0.0,0.0,0.0,0.0,0.0,0.0,0.0
Ifyouneedme,0.3333333333333333,0.0,0.0,0.0,0.0,0.3333333333333333,0.0,0.3333333333333333,0.0,0.0,0.0,0.0
It'sOnlyRockandRoll(ButILikeIt),0.6666666666666666,0.0,0.0,0.0,0.0,0.3333333333333333,0.0,0.0,0.0,0.0,0.0,0.0
RedRedWine,0.0,0.0,0.0,0.0,0.0,0.0,0.0,0.0,0.0,0.0,0.0,0.0
IsThereSomethingIShouldKnow,0.6285714285714286,0.0,0.05714285714285714,0.0,0.0,0.22857142857142856,0.0,0.0,0.0,0.0,0.08571428571428572,0.0
Ain'tNoSunshine,0.8888888888888888,0.0,0.0,0.0,0.0,0.0,0.0,0.0,0.0,0.0,0.0,0.0
Superman,0.0,0.0,0.0,0.0,0.0,1.0,0.0,0.0,0.0,0.0,0.0,0.0
BeatIt,0.1111111111111111,0.027777777777777776,0.0,0.0,0.0,0.0,0.0,0.0,0.0,0.0,0.8055555555555556,0.0
CouldIHaveThisDance,0.03571428571428571,0.0,0.0,0.0,0.0,0.35714285714285715,0.0,0.5714285714285714,0.0,0.03571428571428571,0.0,0.0
There'sNoOther(LikeMyBaby),0.26666666666666666,0.0,0.0,0.0,0.0,0.2,0.0,0.5333333333333333,0.0,0.0,0.0,0.0
ParadisebytheDashboardLight,0.42857142857142855,0.0,0.21428571428571427,0.0,0.0,0.0,0.0,0.35714285714285715,0.0,0.0,0.0,0.0
KissOnMyList,0,0,0,0,0,0,0,0,0,0,0,0
ChainedAndBound,0,0,0,0,0,0,0,0,0,0,0,0
ACowboy'sWorkIsNeverDone,0.13333333333333333,0.13333333333333333,0.0,0.0,0.0,0.0,0.0,0.6,0.0,0.0,0.0,0.0
WildHorses,0.0,0.0,0.0,0.0,0.0,0.0,0.0,0.0,0.0,1.0,0.0,0.0
Ko-KoJoe,0.21052631578947367,0.0,0.15789473684210525,0.0,0.0,0.3157894736842105,0.0,0.3157894736842105,0.0,0.0,0.0,0.0
HappyMan,0.11538461538461539,0.0,0.11538461538461539,0.0,0.0,0.0,0.0,0.46153846153846156,0.0,0.3076923076923077,0.0,0.0
RhinestoneCowboy,0.4375,0.0,0.0,0.0,0.0,0.28125,0.0,0.28125,0.0,0.0,0.0,0.0
GuitarMan,0.6904761904761905,0.0,0.0,0.0,0.0,0.23809523809523808,0.0,0.07142857142857142,0.0,0.0,0.0,0.0
BluebirdsOverTheMountain,0.3125,0.0,0.0625,0.0,0.0,0.0,0.0,0.4375,0.0,0.0625,0.0625,0.0625
NickofTime,0.4074074074074074,0.0,0.25925925925925924,0.0,0.0,0.0,0.0,0.18518518518518517,0.0,0.14814814814814814,0.0,0.0
ILoveYouSo,0.36363636363636365,0.0,0.09090909090909091,0.0,0.0,0.0,0.0,0.18181818181818182,0.0,0.36363636363636365,0.0,0.0
MyWay,0.38095238095238093,0.0,0.0,0.0,0.0,0.23809523809523808,0.0,0.0,0.0,0.38095238095238093,0.0,0.0
RollOnDownTheHighway,0.5,0.0,0.0,0.0,0.0,0.0,0.0,0.0,0.0,0.0,0.0,0.0
"(You'reSoSquare)Baby,IDon'tCare",0.6153846153846154,0.0,0.0,0.0,0.0,0.15384615384615385,0.0,0.15384615384615385,0.0,0.0,0.0,0.0
Reelin'&Rockin',0.75,0.022727272727272728,0.0,0.0,0.0,0.0,0.0,0.22727272727272727,0.0,0.0,0.0,0.0
DeeperShadeOfSoul,0.02,0.0,0.0,0.04,0.0,0.3,0.0,0.58,0.0,0.0,0.04,0.0
HotInTheCity,0.4166666666666667,0.0,0.0,0.0,0.0,0.0,0.0,0.3333333333333333,0.0,0.25,0.0,0.0
BehindClosedDoors,0.1,0.0,0.3,0.0,0.0,0.0,0.0,0.4,0.0,0.1,0.0,0.1
GirlYouKnowItsTrue,0.525,0.0,0.0,0.0,0.0,0.0,0.0,0.0,0.0,0.0,0.45,0.0
Maniac,0.5111111111111111,0.0,0.0,0.0,0.0,0.044444444444444446,0.0,0.4,0.0,0.0,0.0,0.0
ADreamGoesOnForever,0.5882352941176471,0.0,0.0,0.0,0.0,0.0,0.0,0.17647058823529413,0.0,0.23529411764705882,0.0,0.0
BuyForMeTheRain,0.0,0.0,0.0,0.0,0.0,0.08695652173913043,0.0,0.5217391304347826,0.0,0.0,0.391304347826087,0.0
CanWeStillBeFriends,0.30434782608695654,0.0,0.0,0.13043478260869565,0.0,0.0,0.0,0.13043478260869565,0.08695652173913043,0.0,0.34782608695652173,0.0
GoodbyeYellowBrickRoad,0,0,0,0,0,0,0,0,0,0,0,0
AskMe,0.16666666666666666,0.0,0.5,0.0,0.0,0.0,0.0,0.3333333333333333,0.0,0.0,0.0,0.0
ShadowDancing,0.8333333333333334,0.0,0.0,0.0,0.0,0.0,0.0,0.16666666666666666,0.0,0.0,0.0,0.0
GetUp(IFeelLikeBeingLikeA)SexMachine(Part1),0,0,0,0,0,0,0,0,0,0,0,0
ShapeOfThingsToCome,0.10526315789473684,0.0,0.0,0.05263157894736842,0.0,0.2631578947368421,0.0,0.3157894736842105,0.2631578947368421,0.0,0.0,0.0
IWantYouBack,0,0,0,0,0,0,0,0,0,0,0,0
ModernLove,0.3333333333333333,0.0,0.0,0.0,0.1111111111111111,0.2222222222222222,0.0,0.0,0.0,0.2222222222222222,0.0,0.0
Carrie,0.5185185185185185,0.0,0.0,0.0,0.0,0.0,0.0,0.0,0.2222222222222222,0.0,0.25925925925925924,0.0
ThisLittleGirl,0.23809523809523808,0.0,0.047619047619047616,0.0,0.047619047619047616,0.5238095238095238,0.0,0.14285714285714285,0.0,0.0,0.0,0.0
TimeIsOnMySide,0,0,0,0,0,0,0,0,0,0,0,0
LosingYou,0.375,0.0,0.0625,0.0,0.0,0.3125,0.0625,0.1875,0.0,0.0,0.0,0.0
TheLook,0.8461538461538461,0.0,0.0,0.0,0.0,0.07692307692307693,0.0,0.0,0.0,0.0,0.07692307692307693,0.0
TownWithout,0,0,0,0,0,0,0,0,0,0,0,0
BongoStomp,0.7857142857142857,0.0,0.0,0.0,0.0,0.07142857142857142,0.0,0.14285714285714285,0.0,0.0,0.0,0.0
StandingInTheShadowsOfLove,0.12,0.12,0.0,0.24,0.0,0.0,0.0,0.52,0.0,0.0,0.0,0.0
TheRose,0.6,0.0,0.0,0.0,0.0,0.1,0.0,0.3,0.0,0.0,0.0,0.0
PeopleGotToBeFree,0.14814814814814814,0.0,0.0,0.0,0.14814814814814814,0.0,0.0,0.5555555555555556,0.0,0.0,0.0,0.0
DoesAnybodyReallyKnowWhatTimeItIs,0.06666666666666667,0.0,0.0,0.0,0.0,0.6666666666666666,0.0,0.0,0.26666666666666666,0.0,0.0,0.0
BabyDon'tGo,0.5,0.0,0.25,0.0,0.0,0.25,0.0,0.0,0.0,0.0,0.0,0.0
WhenIt'sLove,0.0,0.0,0.1346153846153846,0.019230769230769232,0.0,0.38461538461538464,0.0,0.25,0.07692307692307693,0.0,0.1346153846153846,0.0
LetMeGetToKnowYou,0.42857142857142855,0.0,0.0,0.35714285714285715,0.0,0.0,0.0,0.21428571428571427,0.0,0.0,0.0,0.0
FireAndIce,0.0,0.0,0.0,0.0,0.0,0.0,0.0,0.2222222222222222,0.05555555555555555,0.0,0.7222222222222222,0.0
ThereButForFortune,0.0,0.0,0.23529411764705882,0.0,0.0,0.29411764705882354,0.0,0.47058823529411764,0.0,0.0,0.0,0.0
PinballWizard,0.16666666666666666,0.0,0.16666666666666666,0.0,0.2222222222222222,0.0,0.0,0.2222222222222222,0.05555555555555555,0.1111111111111111,0.05555555555555555,0.0
GoodVibrations,0,0,0,0,0,0,0,0,0,0,0,0
TrampledUnderFoot,0.8947368421052632,0.0,0.0,0.0,0.0,0.10526315789473684,0.0,0.0,0.0,0.0,0.0,0.0
"Ob-La-Di,Ob-La-Da",0,0,0,0,0,0,0,0,0,0,0,0
WhoWearsTheseShoes,0.11627906976744186,0.0,0.0,0.18604651162790697,0.0,0.27906976744186046,0.0,0.11627906976744186,0.09302325581395349,0.0,0.20930232558139536,0.0
EverybodyLovesSomebody,0.17647058823529413,0.058823529411764705,0.058823529411764705,0.0,0.11764705882352941,0.11764705882352941,0.0,0.47058823529411764,0.0,0.0,0.0,0.0
LivingInThePast,0.42857142857142855,0.0,0.047619047619047616,0.047619047619047616,0.0,0.19047619047619047,0.0,0.047619047619047616,0.0,0.0,0.23809523809523808,0.0
(Iwas)BornToCry,0.0,0.0,0.0,0.0,0.0,0.5,0.0,0.1875,0.0,0.0,0.0,0.0
HurtsToBeInLove,0.3333333333333333,0.0,0.0,0.0,0.0,0.0,0.0,0.16666666666666666,0.0,0.0,0.5,0.0
HereComeThoseTearsAgain,0.06666666666666667,0.0,0.06666666666666667,0.0,0.06666666666666667,0.4666666666666667,0.0,0.3,0.0,0.03333333333333333,0.0,0.0
StandByMe,0.5,0.0,0.0,0.0,0.0,0.0,0.0,0.0,0.0,0.5,0.0,0.0
BeMyGuest,0.7619047619047619,0.0,0.0,0.0,0.0,0.0,0.0,0.23809523809523808,0.0,0.0,0.0,0.0
RunaroundSue,0.08695652173913043,0.0,0.0,0.0,0.0,0.0,0.0,0.13043478260869565,0.0,0.43478260869565216,0.0,0.0
IWantYouToWantMe,1.0,0.0,0.0,0.0,0.0,0.0,0.0,0.0,0.0,0.0,0.0,0.0
IPutASpellOnYou,0.21052631578947367,0.0,0.0,0.0,0.0,0.0,0.0,0.42105263157894735,0.3684210526315789,0.0,0.0,0.0
IReallyDon'tWantToKnow,0.3157894736842105,0.0,0.0,0.0,0.0,0.42105263157894735,0.0,0.10526315789473684,0.0,0.15789473684210525,0.0,0.0
YourLoveHasLiftedMeHigher,0.25,0.14285714285714285,0.32142857142857145,0.14285714285714285,0.10714285714285714,0.0,0.0,0.0,0.03571428571428571,0.0,0.0,0.0
TheGoonies`RGoodEnough,0.0,0.0,0.15789473684210525,0.0,0.15789473684210525,0.3157894736842105,0.0,0.0,0.0,0.3157894736842105,0.0,0.0
TheOtherGuy,0.52,0.0,0.0,0.0,0.0,0.0,0.0,0.2,0.0,0.28,0.0,0.0
ItAmazesMe,0.6666666666666666,0.0,0.0,0.0,0.0,0.0,0.0,0.3333333333333333,0.0,0.0,0.0,0.0
LoveMeDo,0.5,0.0,0.0,0.0,0.0,0.4375,0.0,0.0625,0.0,0.0,0.0,0.0
MyLove,0.5833333333333334,0.0,0.0,0.0,0.0,0.0,0.0,0.0,0.0,0.3333333333333333,0.0,0.0
SomeLikeItHot,0.46938775510204084,0.0,0.0,0.0,0.0,0.0,0.0,0.0,0.24489795918367346,0.0,0.2857142857142857,0.0
WillYouLoveMeTomorrow,0.3181818181818182,0.0,0.0,0.0,0.09090909090909091,0.0,0.0,0.4090909090909091,0.0,0.18181818181818182,0.0,0.0
DetroitCity,0.29411764705882354,0.058823529411764705,0.11764705882352941,0.0,0.0,0.11764705882352941,0.0,0.4117647058823529,0.0,0.0,0.0,0.0
AsUsual,0.3076923076923077,0.0,0.0,0.0,0.0,0.23076923076923078,0.0,0.3076923076923077,0.15384615384615385,0.0,0.0,0.0
Fernando,1.0,0.0,0.0,0.0,0.0,0.0,0.0,0.0,0.0,0.0,0.0,0.0
Suite:JudyBlueEyes,0.559322033898305,0.0,0.13559322033898305,0.0,0.0,0.1864406779661017,0.0,0.0,0.0,0.0,0.11864406779661017,0.0
"HaveYouSeenYourMother,Baby,StandingInTheShadow?",0.32,0.0,0.0,0.0,0.0,0.32,0.0,0.36,0.0,0.0,0.0,0.0
HotFunInTheSummertime,0.0,0.0,0.0,0.0,0.0,0.15789473684210525,0.0,0.6842105263157895,0.15789473684210525,0.0,0.0,0.0
HotChildintheCity,0.041666666666666664,0.0,0.0,0.0,0.0,0.75,0.0,0.20833333333333334,0.0,0.0,0.0,0.0
CountOnMe,0.0,0.0,0.0,0.0,0.1111111111111111,0.0,0.0,0.8888888888888888,0.0,0.0,0.0,0.0
OnTheRoadAgain,1.0,0.0,0.0,0.0,0.0,0.0,0.0,0.0,0.0,0.0,0.0,0.0
Think,0.625,0.0,0.0,0.0,0.0,0.0,0.0,0.375,0.0,0.0,0.0,0.0
Ramblin'Rose,0.6666666666666666,0.0,0.0,0.0,0.0,0.0,0.0,0.19047619047619047,0.047619047619047616,0.09523809523809523,0.0,0.0
EverybodyLovesMebutYou,0.4666666666666667,0.13333333333333333,0.0,0.0,0.0,0.4,0.0,0.0,0.0,0.0,0.0,0.0
RunningUpThatHill,0.7666666666666667,0.0,0.0,0.0,0.0,0.1,0.0,0.0,0.1,0.0,0.03333333333333333,0.0
BestThingThatEverHappenedToMe,0.19047619047619047,0.0,0.19047619047619047,0.0,0.047619047619047616,0.14285714285714285,0.0,0.23809523809523808,0.0,0.14285714285714285,0.0,0.0
WeTwo,0.08823529411764706,0.0,0.029411764705882353,0.0,0.0,0.6176470588235294,0.0,0.029411764705882353,0.029411764705882353,0.0,0.20588235294117646,0.0
MonyMony,0.5454545454545454,0.0,0.0,0.0,0.0,0.0,0.0,0.18181818181818182,0.0,0.0,0.0,0.0
SidewalkSurfin',0.9047619047619048,0.047619047619047616,0.0,0.0,0.0,0.0,0.0,0.047619047619047616,0.0,0.0,0.0,0.0
GordonLightfoot,0.38095238095238093,0.0,0.0,0.0,0.0,0.2857142857142857,0.0,0.047619047619047616,0.2857142857142857,0.0,0.0,0.0
LonelyEyes,0.09090909090909091,0.0,0.18181818181818182,0.0,0.045454545454545456,0.36363636363636365,0.0,0.2727272727272727,0.0,0.045454545454545456,0.0,0.0
LastChild,0.5333333333333333,0.0,0.0,0.06666666666666667,0.0,0.4,0.0,0.0,0.0,0.0,0.0,0.0
ThePower,0.7272727272727273,0.0,0.0,0.0,0.0,0.0,0.0,0.2727272727272727,0.0,0.0,0.0,0.0
CrystalBluePersuasion,0.08333333333333333,0.0,0.8333333333333334,0.0,0.0,0.08333333333333333,0.0,0.0,0.0,0.0,0.0,0.0
AnInnocentMan,0.0,0.0,0.0,0.0,0.0,0.3333333333333333,0.0,0.6666666666666666,0.0,0.0,0.0,0.0
Fakinit,0.23809523809523808,0.0,0.19047619047619047,0.0,0.19047619047619047,0.38095238095238093,0.0,0.0,0.0,0.0,0.0,0.0
ForTheGoodTimes,0.4166666666666667,0.0,0.08333333333333333,0.0,0.0,0.16666666666666666,0.0,0.3333333333333333,0.0,0.0,0.0,0.0
In-A-Gadda-Da-Vida,0.7368421052631579,0.0,0.10526315789473684,0.0,0.10526315789473684,0.0,0.0,0.0,0.0,0.0,0.0,0.0
NeverKnewLoveLikeThisBefore,0.0,0.0,0.0,0.0,0.6666666666666666,0.023809523809523808,0.0,0.30952380952380953,0.0,0.0,0.0,0.0
RunningOnEmpty,0.4,0.0,0.15,0.0,0.0,0.0,0.0,0.15,0.0,0.3,0.0,0.0
Don'tstandsoclosetome,0.08108108108108109,0.0,0.0,0.0,0.4864864864864865,0.0,0.21621621621621623,0.0,0.0,0.0,0.0,0.21621621621621623
JustTheWayYouAre,0.42857142857142855,0.0,0.0,0.0,0.0,0.047619047619047616,0.0,0.23809523809523808,0.0,0.2857142857142857,0.0,0.0
LoveCameToMe,0.10526315789473684,0.0,0.0,0.0,0.0,0.0,0.0,0.47368421052631576,0.0,0.42105263157894735,0.0,0.0
MakeALittleMagic,0.05660377358490566,0.0,0.0,0.0,0.0,0.4528301886792453,0.0,0.49056603773584906,0.0,0.0,0.0,0.0
I'llTakeYouThere,0.02702702702702703,0.0,0.0,0.0,0.0,0.5135135135135135,0.0,0.4594594594594595,0.0,0.0,0.0,0.0
BlackCars,0.08108108108108109,0.0,0.02702702702702703,0.02702702702702703,0.0,0.7027027027027027,0.0,0.0,0.0,0.0,0.16216216216216217,0.0
"Tonight,Tonight,Tonight",0.2631578947368421,0.0,0.14035087719298245,0.0,0.0,0.10526315789473684,0.0,0.2807017543859649,0.03508771929824561,0.0,0.15789473684210525,0.0
WhereOrWhen,0.25,0.0,0.0,0.0,0.16666666666666666,0.3333333333333333,0.0,0.25,0.0,0.0,0.0,0.0
ThemeFromTheDukesOfHazzard,0.5,0.0,0.0,0.0,0.0,0.3888888888888889,0.0,0.1111111111111111,0.0,0.0,0.0,0.0
EveryTimeIThinkOfYou,0.22857142857142856,0.0,0.0,0.0,0.0,0.2,0.0,0.2857142857142857,0.2,0.0,0.0,0.08571428571428572
BirdDog,0.8,0.0,0.0,0.0,0.0,0.0,0.0,0.2,0.0,0.0,0.0,0.0
RebelYell,0.27710843373493976,0.0,0.0,0.20481927710843373,0.0,0.25301204819277107,0.0,0.0,0.03614457831325301,0.0,0.20481927710843373,0.0
Feelin'Satisfied,0.2987012987012987,0.0,0.2597402597402597,0.0,0.0,0.36363636363636365,0.0,0.025974025974025976,0.0,0.0,0.05194805194805195,0.0
WishSomeoneWouldCare,0.16666666666666666,0.0,0.0,0.0,0.0,0.0,0.0,0.5,0.0,0.3333333333333333,0.0,0.0
Jamie,0.23076923076923078,0.0,0.38461538461538464,0.0,0.07692307692307693,0.07692307692307693,0.0,0.23076923076923078,0.0,0.0,0.0,0.0
BustAMove,0.0,0.0,0.0,0.0,0.0,0.0,0.0,0.0,0.0,0.0,0.0,0.0
ComeTogether,0.7368421052631579,0.0,0.0,0.0,0.0,0.15789473684210525,0.0,0.05263157894736842,0.0,0.0,0.0,0.0
ComingOnStrong,0.09523809523809523,0.0,0.09523809523809523,0.0,0.047619047619047616,0.14285714285714285,0.0,0.38095238095238093,0.0,0.23809523809523808,0.0,0.0
LookingForALove,0.3617021276595745,0.0,0.0,0.0,0.0,0.6382978723404256,0.0,0.0,0.0,0.0,0.0,0.0
PutYourHandInTheHand,0.6666666666666666,0.0,0.0,0.0,0.0,0.3333333333333333,0.0,0.0,0.0,0.0,0.0,0.0
YouTookTheWordsRightOutOfMyMouth,0.2857142857142857,0.0,0.023809523809523808,0.0,0.023809523809523808,0.3333333333333333,0.0,0.14285714285714285,0.0,0.07142857142857142,0.0,0.0
SunshineofYourLove,0.46875,0.0,0.0,0.0,0.0,0.28125,0.0,0.09375,0.0,0.0,0.15625,0.0
Help!,0.29411764705882354,0.0,0.17647058823529413,0.0,0.17647058823529413,0.0,0.0,0.08823529411764706,0.0,0.029411764705882353,0.23529411764705882,0.0
NotFadeAway,0.4852941176470588,0.0,0.0,0.0,0.0,0.3088235294117647,0.0,0.0,0.0,0.0,0.20588235294117646,0.0
GottaServeSomebody,1.0,0.0,0.0,0.0,0.0,0.0,0.0,0.0,0.0,0.0,0.0,0.0
FloyJoy,0.07692307692307693,0.0,0.8076923076923077,0.0,0.0,0.0,0.0,0.038461538461538464,0.0,0.0,0.0,0.0
Don'tTalkToStrangers,0.022727272727272728,0.0,0.0,0.0,0.1590909090909091,0.0,0.0,0.4090909090909091,0.0,0.4090909090909091,0.0,0.0
DumDum,0.0,0.0,0.0,0.0,0.0,0.0,0.0,1.0,0.0,0.0,0.0,0.0
IfYoureallyloveme,0.0,0.0,0.3235294117647059,0.29411764705882354,0.11764705882352941,0.058823529411764705,0.0,0.058823529411764705,0.029411764705882353,0.058823529411764705,0.058823529411764705,0.0
ManInTheMirror,0.05714285714285714,0.0,0.0,0.0,0.0,0.42857142857142855,0.0,0.4857142857142857,0.0,0.02857142857142857,0.0,0.0
UnchainedMelody,0.23076923076923078,0.0,0.0,0.0,0.15384615384615385,0.0,0.0,0.6153846153846154,0.0,0.0,0.0,0.0
WillieNelson,0.6875,0.0,0.0,0.0,0.0,0.125,0.0625,0.125,0.0,0.0,0.0,0.0
LandOf1000Dances,1.0,0.0,0.0,0.0,0.0,0.0,0.0,0.0,0.0,0.0,0.0,0.0
NeverCanSayGoodbye,0.6363636363636364,0.0,0.0,0.0,0.0,0.0,0.0,0.36363636363636365,0.0,0.0,0.0,0.0
IWantaNewDrug,0.3,0.0,0.0,0.0375,0.0,0.325,0.0,0.0,0.0,0.0,0.3375,0.0
Let'sGetSerious,1.0,0.0,0.0,0.0,0.0,0.0,0.0,0.0,0.0,0.0,0.0,0.0
Let'sGoGetStoned,0.45,0.0,0.05,0.0,0.0,0.1,0.0,0.4,0.0,0.0,0.0,0.0
LittleOldLadyFromPasadena,0.28125,0.0,0.09375,0.15625,0.0,0.09375,0.03125,0.15625,0.0,0.0,0.1875,0.0
ThreeHeartsInATangle,0.47368421052631576,0.0,0.0,0.0,0.0,0.3157894736842105,0.0,0.21052631578947367,0.0,0.0,0.0,0.0
OnAndOnAndOn,0.6363636363636364,0.0,0.0,0.0,0.0,0.12121212121212122,0.0,0.0,0.0,0.0,0.24242424242424243,0.0
TooWeakToFight,0.0,0.0,0.0,0.0,0.0,0.6428571428571429,0.0,0.35714285714285715,0.0,0.0,0.0,0.0
I'veGotATigerByTheTail,0.16666666666666666,0.0,0.0,0.0,0.0,0.5,0.0,0.2916666666666667,0.0,0.0,0.0,0.0
MagicMan,0.42857142857142855,0.0,0.0,0.0,0.0,0.09523809523809523,0.0,0.0,0.0,0.023809523809523808,0.38095238095238093,0.0
SheThinksIStillCare,0.75,0.0,0.0,0.0,0.0,0.15,0.0,0.1,0.0,0.0,0.0,0.0
JustLikeHeaven,0.0,0.0,0.4745762711864407,0.0,0.0,0.4915254237288136,0.0,0.0,0.0,0.0,0.03389830508474576,0.0
TuffEnuff,0.5882352941176471,0.0,0.0,0.23529411764705882,0.0,0.11764705882352941,0.0,0.0,0.0,0.0,0.058823529411764705,0.0
WalkThisWay,0.45098039215686275,0.0,0.0,0.0,0.0,0.39215686274509803,0.0,0.0,0.0,0.058823529411764705,0.0,0.0
TheHumptyDance,0,0,0,0,0,0,0,0,0,0,0,0
SweetHomeAlabama,0.7777777777777778,0.0,0.0,0.0,0.0,0.16666666666666666,0.0,0.0,0.0,0.0,0.05555555555555555,0.0
LayDownSally,0.7380952380952381,0.0,0.0,0.0,0.0,0.19047619047619047,0.0,0.07142857142857142,0.0,0.0,0.0,0.0
It'sOnlyMakeBelieve,0.23076923076923078,0.0,0.0,0.0,0.0,0.3076923076923077,0.0,0.3076923076923077,0.15384615384615385,0.0,0.0,0.0
BreakItToMeGently,0.27586206896551724,0.0,0.10344827586206896,0.0,0.10344827586206896,0.1724137931034483,0.0,0.13793103448275862,0.034482758620689655,0.1724137931034483,0.0,0.0
DontYouKnowWhatTheNightCanDo,0.0,0.0,0.0,0.16666666666666666,0.0,0.0,0.0,0.018518518518518517,0.3148148148148148,0.0,0.5,0.0
PrettyInPink,0.0,0.0,0.0,0.0,0.16216216216216217,0.0,0.0,0.8378378378378378,0.0,0.0,0.0,0.0
StartingOverAgain,0.0,0.0,0.4166666666666667,0.0,0.08333333333333333,0.0,0.0,0.5,0.0,0.0,0.0,0.0
BadMoonRising,1.0,0.0,0.0,0.0,0.0,0.0,0.0,0.0,0.0,0.0,0.0,0.0
TheRightTime,0.9375,0.0,0.0,0.0,0.0,0.0,0.0,0.0625,0.0,0.0,0.0,0.0
PrivateDancer,0.0,0.0,0.17333333333333334,0.0,0.013333333333333334,0.0,0.0,0.7333333333333333,0.0,0.08,0.0,0.0
Lady,1.0,0.0,0.0,0.0,0.0,0.0,0.0,0.0,0.0,0.0,0.0,0.0
OhMyAngel,0.125,0.0,0.6875,0.0,0.0,0.0,0.0,0.0,0.0625,0.125,0.0,0.0
RescueMe,0.0,0.0,0.0,0.0,0.0,0.38095238095238093,0.0,0.6190476190476191,0.0,0.0,0.0,0.0
BetterThings,0.0,0.0,0.12,0.0,0.0,0.16,0.0,0.72,0.0,0.0,0.0,0.0
DirtyWater,0.0,0.0,0.0,0.0,0.0,0.7037037037037037,0.0,0.0,0.2962962962962963,0.0,0.0,0.0
WhereTheStreetsHaveNoNames,0.4,0.0,0.0,0.03333333333333333,0.0,0.16666666666666666,0.0,0.16666666666666666,0.0,0.0,0.23333333333333334,0.0
"OhMe,OhMy(DreamsInMyArms)",0.0,0.0,0.0,0.0,1.0,0.0,0.0,0.0,0.0,0.0,0.0,0.0
HookedOnAFeeling,0.2727272727272727,0.0,0.0,0.0,0.0,0.3181818181818182,0.0,0.36363636363636365,0.0,0.045454545454545456,0.0,0.0
ShapesOfThings,0.0,0.0,0.0,0.4,0.0,0.0,0.0,0.0,0.0,0.0,0.6,0.0
GhostbustersTheme,0.7692307692307693,0.0,0.0,0.0,0.0,0.07692307692307693,0.0,0.0,0.0,0.0,0.15384615384615385,0.0
IfIWereYourWoman,0.0,0.0,0.0,0.0,0.0,0.5,0.0,0.0,0.0,0.5,0.0,0.0
TwistingtheNightAway,0.24,0.0,0.0,0.0,0.0,0.0,0.0,0.36,0.0,0.4,0.0,0.0
Cruisin',0.36363636363636365,0.0,0.6363636363636364,0.0,0.0,0.0,0.0,0.0,0.0,0.0,0.0,0.0
PromisesInTheDark,0.0196078431372549,0.0,0.0196078431372549,0.0,0.27450980392156865,0.5098039215686274,0.0,0.0784313725490196,0.0,0.09803921568627451,0.0,0.0
IWishItWouldRain,0.46153846153846156,0.0,0.0,0.0,0.0,0.5384615384615384,0.0,0.0,0.0,0.0,0.0,0.0
YouDon'tOwnMe,0,0,0,0,0,0,0,0,0,0,0,0
YearsAgo,0.10810810810810811,0.0,0.5675675675675675,0.0,0.0,0.2702702702702703,0.0,0.05405405405405406,0.0,0.0,0.0,0.0
TimeForMeToFly,0,0,0,0,0,0,0,0,0,0,0,0
Don'tSayYouLoveMe,0.6896551724137931,0.0,0.0,0.0,0.0,0.3103448275862069,0.0,0.0,0.0,0.0,0.0,0.0
OhFather,0.1,0.0,0.275,0.0,0.0,0.0,0.0,0.625,0.0,0.0,0.0,0.0
LovelyDay,0.0,0.0,0.0,0.0,0.0,0.2857142857142857,0.0,0.375,0.3392857142857143,0.0,0.0,0.0
HardenMyHeart,0.0,0.0,0.0,0.0,0.0,0.0,0.0,0.0,0.28,0.0,0.72,0.0
WalkRightBack,0.5714285714285714,0.0,0.07142857142857142,0.0,0.0,0.0,0.0,0.35714285714285715,0.0,0.0,0.0,0.0
